"Date","Price","Open","High","Low","Vol.","Change %"
"Feb 26, 2021","29.36","28.80","29.84","28.50","2.00M","-1.94%"
"Feb 25, 2021","29.94","31.00","31.50","28.94","2.26M","-1.25%"
"Feb 24, 2021","30.32","32.00","32.50","30.26","2.61M","-5.31%"
"Feb 23, 2021","32.02","34.60","34.88","32.00","3.37M","-7.19%"
"Feb 22, 2021","34.50","34.32","35.64","34.02","6.36M","1.00%"
"Feb 19, 2021","34.16","35.30","35.38","33.94","3.21M","-3.23%"
"Feb 18, 2021","35.30","33.50","36.20","33.42","8.89M","5.94%"
"Feb 17, 2021","33.32","34.70","34.90","33.26","3.30M","-3.08%"
"Feb 16, 2021","34.38","35.30","35.60","33.58","6.29M","-2.33%"
"Feb 15, 2021","35.20","33.16","35.80","33.16","7.30M","6.73%"
"Feb 12, 2021","32.98","32.22","33.38","31.50","4.64M","2.23%"
"Feb 11, 2021","32.26","33.24","33.62","32.22","2.68M","-2.95%"
"Feb 10, 2021","33.24","31.82","33.82","31.82","6.02M","4.46%"
"Feb 09, 2021","31.82","32.36","32.70","31.80","2.20M","-1.30%"
"Feb 08, 2021","32.24","32.50","32.62","31.92","3.63M","0.94%"
"Feb 05, 2021","31.94","31.90","32.80","31.78","2.53M","0.38%"
"Feb 04, 2021","31.82","32.50","33.28","31.66","2.33M","-1.43%"
"Feb 03, 2021","32.28","33.80","34.12","31.74","4.88M","-0.55%"
"Feb 02, 2021","32.46","29.80","32.46","29.80","5.00M","9.96%"
"Feb 01, 2021","29.52","29.80","30.12","29.22","2.98M","0.07%"
"Jan 29, 2021","29.50","29.00","30.50","28.86","2.88M","-1.67%"
"Jan 28, 2021","30.00","28.84","30.38","27.94","5.31M","2.04%"
"Jan 27, 2021","29.40","32.40","32.66","29.40","3.48M","-9.32%"
"Jan 26, 2021","32.42","33.46","33.66","32.18","3.21M","-3.22%"
"Jan 25, 2021","33.50","33.10","34.00","33.04","4.66M","2.57%"
"Jan 22, 2021","32.66","32.20","33.30","32.00","4.01M","1.24%"
"Jan 21, 2021","32.26","31.70","34.32","31.54","8.86M","2.54%"
"Jan 20, 2021","31.46","32.18","32.58","30.92","6.60M","-1.19%"
"Jan 19, 2021","31.84","29.26","31.84","29.26","9.36M","9.94%"
"Jan 18, 2021","28.96","28.10","29.00","28.00","3.11M","3.43%"
"Jan 15, 2021","28.00","27.66","29.36","27.22","5.48M","0.57%"
"Jan 14, 2021","27.84","28.78","29.00","27.64","2.57M","-2.66%"
"Jan 13, 2021","28.60","28.70","29.92","28.46","3.24M","0.14%"
"Jan 12, 2021","28.56","29.06","29.44","28.40","2.89M","-0.70%"
"Jan 11, 2021","28.76","30.00","31.48","28.50","8.57M","-2.51%"
"Jan 08, 2021","29.50","29.50","29.50","29.50","1.48M","9.99%"
"Jan 07, 2021","26.82","27.20","27.40","26.62","2.71M","-0.81%"
"Jan 06, 2021","27.04","27.20","27.68","26.96","3.83M","0.30%"
"Jan 05, 2021","26.96","27.48","28.00","26.50","4.42M","-2.11%"
"Jan 04, 2021","27.54","28.30","28.56","27.48","4.41M","-1.92%"
"Dec 31, 2020","28.08","27.76","29.06","27.28","10.07M","0.93%"
"Dec 30, 2020","27.82","26.72","28.20","25.76","7.82M","4.74%"
"Dec 29, 2020","26.56","25.20","27.04","25.16","9.22M","5.82%"
"Dec 28, 2020","25.10","24.94","26.12","24.08","8.69M","1.87%"
"Dec 25, 2020","24.64","26.10","27.50","24.12","10.90M","-3.22%"
"Dec 24, 2020","25.46","23.28","25.46","23.08","7.22M","9.93%"
"Dec 23, 2020","23.16","23.14","23.44","22.78","4.15M","1.76%"
"Dec 22, 2020","22.76","22.50","23.44","22.46","8.09M","2.52%"
"Dec 21, 2020","22.20","21.34","23.30","20.96","15.01M","3.74%"
"Dec 18, 2020","21.40","20.68","21.74","20.66","5.04M","3.78%"
"Dec 17, 2020","20.62","20.48","20.90","20.48","1.76M","1.28%"
"Dec 16, 2020","20.36","20.70","21.02","20.20","2.02M","-1.17%"
"Dec 15, 2020","20.60","20.88","21.42","20.58","3.27M","-0.10%"
"Dec 14, 2020","20.62","20.46","20.82","20.38","2.80M","1.78%"
"Dec 11, 2020","20.26","20.04","20.66","19.86","2.85M","1.10%"
"Dec 10, 2020","20.04","20.26","20.50","19.99","1.40M","-0.99%"
"Dec 09, 2020","20.24","20.32","20.74","20.18","3.33M","0.60%"
"Dec 08, 2020","20.12","20.56","21.00","20.10","2.28M","-2.14%"
"Dec 07, 2020","20.56","20.90","21.30","20.54","3.31M","-1.72%"
"Dec 04, 2020","20.92","21.18","21.72","20.80","4.65M","0.10%"
"Dec 03, 2020","20.90","21.74","21.74","20.90","4.24M","-3.86%"
"Dec 02, 2020","21.74","20.04","22.10","19.94","11.25M","8.16%"
"Dec 01, 2020","20.10","19.44","20.10","19.44","2.18M","4.25%"
"Nov 30, 2020","19.28","19.70","20.14","19.19","1.44M","-2.13%"
"Nov 27, 2020","19.70","20.10","20.16","19.64","1.32M","-1.50%"
"Nov 26, 2020","20.00","19.81","20.50","19.71","3.44M","1.27%"
"Nov 25, 2020","19.75","20.22","20.40","19.71","1.95M","-1.55%"
"Nov 24, 2020","20.06","20.24","20.56","20.02","1.69M","-0.50%"
"Nov 23, 2020","20.16","20.44","20.70","19.98","1.90M","-1.18%"
"Nov 20, 2020","20.40","20.20","20.78","20.14","2.38M","1.49%"
"Nov 19, 2020","20.10","19.91","20.36","19.73","3.17M","1.01%"
"Nov 18, 2020","19.90","19.18","20.52","19.18","4.33M","3.75%"
"Nov 17, 2020","19.18","20.18","20.36","19.18","1.60M","-4.96%"
"Nov 16, 2020","20.18","20.32","20.60","20.16","1.45M","0.50%"
"Nov 13, 2020","20.08","20.00","20.72","19.90","1.97M","0.40%"
"Nov 12, 2020","20.00","20.72","21.00","20.00","1.91M","-3.01%"
"Nov 11, 2020","20.62","21.30","21.74","20.24","2.59M","-2.92%"
"Nov 10, 2020","21.24","21.38","21.68","21.12","1.65M","-0.56%"
"Nov 09, 2020","21.36","21.88","22.20","21.30","2.64M","-1.20%"
"Nov 06, 2020","21.62","22.30","22.50","21.62","4.33M","-5.34%"
"Nov 05, 2020","22.84","21.26","22.98","21.26","4.79M","7.74%"
"Nov 04, 2020","21.20","20.64","21.56","20.64","3.04M","3.11%"
"Nov 03, 2020","20.56","20.68","21.30","20.10","3.01M","-0.29%"
"Nov 02, 2020","20.62","20.26","20.98","20.14","2.34M","3.00%"
"Oct 30, 2020","20.02","20.38","21.26","19.93","4.48M","-3.19%"
"Oct 28, 2020","20.68","20.86","21.76","20.68","1.99M","-1.90%"
"Oct 27, 2020","21.08","19.99","21.58","19.59","3.35M","2.73%"
"Oct 26, 2020","20.52","22.54","23.20","20.52","5.53M","-9.52%"
"Oct 23, 2020","22.68","22.20","23.56","22.16","9.16M","2.44%"
"Oct 22, 2020","22.14","22.16","22.92","21.96","3.68M","0.36%"
"Oct 21, 2020","22.06","22.76","23.16","22.00","3.02M","-2.30%"
"Oct 20, 2020","22.58","21.58","22.82","21.48","4.92M","4.63%"
"Oct 19, 2020","21.58","22.26","22.44","21.52","2.56M","-1.82%"
"Oct 16, 2020","21.98","21.00","22.52","20.94","6.92M","5.17%"
"Oct 15, 2020","20.90","21.36","21.76","20.68","1.89M","-1.88%"
"Oct 14, 2020","21.30","21.98","21.98","21.22","1.86M","-2.20%"
"Oct 13, 2020","21.78","21.54","22.06","21.26","2.63M","1.30%"
"Oct 12, 2020","21.50","21.08","22.20","21.02","3.77M","2.58%"
"Oct 09, 2020","20.96","21.52","22.00","20.90","3.13M","-2.87%"
"Oct 08, 2020","21.58","22.90","23.20","21.58","4.45M","-4.93%"
"Oct 07, 2020","22.70","22.26","23.38","22.06","5.69M","1.98%"
"Oct 06, 2020","22.26","21.00","22.44","20.48","7.59M","6.71%"
"Oct 05, 2020","20.86","20.82","21.38","20.66","4.24M","1.76%"
"Oct 02, 2020","20.50","19.70","21.20","19.35","8.12M","3.43%"
"Oct 01, 2020","19.82","19.45","21.34","18.79","12.54M","2.16%"
"Sep 30, 2020","19.40","18.15","19.66","18.13","9.45M","7.66%"
"Sep 29, 2020","18.02","17.44","18.35","17.36","6.42M","3.92%"
"Sep 28, 2020","17.34","16.91","17.52","16.87","5.51M","2.73%"
"Sep 25, 2020","16.88","16.90","17.21","16.85","2.60M","0.24%"
"Sep 24, 2020","16.84","17.30","17.70","16.84","4.37M","-3.22%"
"Sep 23, 2020","17.40","16.63","17.60","16.45","6.79M","5.33%"
"Sep 22, 2020","16.52","16.21","16.75","16.21","4.83M","2.29%"
"Sep 21, 2020","16.15","16.07","16.59","16.00","4.95M","0.75%"
"Sep 18, 2020","16.03","15.92","16.19","15.88","2.40M","1.14%"
"Sep 17, 2020","15.85","15.70","15.99","15.60","1.46M","0.96%"
"Sep 16, 2020","15.70","15.97","16.01","15.68","1.18M","-1.26%"
"Sep 15, 2020","15.90","15.98","16.21","15.74","2.27M","0.00%"
"Sep 14, 2020","15.90","16.01","16.17","15.86","1.38M","-0.31%"
"Sep 11, 2020","15.95","16.26","16.33","15.91","1.48M","-1.60%"
"Sep 10, 2020","16.21","16.27","16.63","16.14","3.68M","-0.12%"
"Sep 09, 2020","16.23","16.23","16.79","16.18","4.84M","0.25%"
"Sep 08, 2020","16.19","16.07","16.37","15.89","4.67M","1.38%"
"Sep 07, 2020","15.97","15.79","16.04","15.57","1.96M","3.03%"
"Sep 04, 2020","15.50","15.39","15.77","15.29","2.11M","0.19%"
"Sep 03, 2020","15.47","15.86","16.09","15.47","2.43M","-2.27%"
"Sep 02, 2020","15.83","16.16","16.39","15.83","4.07M","-1.31%"
"Sep 01, 2020","16.04","15.65","16.09","15.30","5.96M","2.69%"
"Aug 31, 2020","15.62","15.19","15.91","15.03","4.98M","2.83%"
"Aug 28, 2020","15.19","15.36","15.55","15.13","1.51M","-0.59%"
"Aug 27, 2020","15.28","15.39","15.75","15.12","2.60M","-0.33%"
"Aug 26, 2020","15.33","14.66","15.94","14.65","7.79M","3.16%"
"Aug 25, 2020","14.86","15.25","15.39","14.56","1.66M","-2.11%"
"Aug 24, 2020","15.18","15.10","15.49","15.03","2.19M","1.13%"
"Aug 21, 2020","15.01","15.74","15.86","15.00","2.08M","-3.22%"
"Aug 20, 2020","15.51","15.34","15.77","15.26","2.66M","1.11%"
"Aug 19, 2020","15.34","15.19","16.09","15.19","5.42M","1.59%"
"Aug 18, 2020","15.10","15.17","15.76","14.94","5.53M","-1.50%"
"Aug 17, 2020","15.33","16.45","17.13","15.33","8.81M","-3.46%"
"Aug 14, 2020","15.88","15.12","15.88","15.08","5.50M","9.97%"
"Aug 13, 2020","14.44","15.02","15.19","14.44","1.74M","-3.48%"
"Aug 12, 2020","14.96","14.97","15.42","14.46","2.71M","0.27%"
"Aug 11, 2020","14.92","14.83","15.20","14.79","1.76M","1.57%"
"Aug 10, 2020","14.69","14.38","14.97","13.69","1.68M","1.80%"
"Aug 07, 2020","14.43","13.03","14.43","12.10","2.75M","7.53%"
"Aug 06, 2020","13.42","14.80","14.99","13.41","2.57M","-9.93%"
"Aug 05, 2020","14.90","15.25","15.30","14.50","1.85M","-1.72%"
"Aug 04, 2020","15.16","16.85","17.43","14.97","4.23M","-8.84%"
"Jul 30, 2020","16.63","16.65","16.74","16.45","647.70K","-0.12%"
"Jul 29, 2020","16.65","16.76","16.99","15.99","2.14M","-0.48%"
"Jul 28, 2020","16.73","18.10","18.15","16.64","3.46M","-7.42%"
"Jul 27, 2020","18.07","18.04","18.50","18.01","3.71M","1.35%"
"Jul 24, 2020","17.83","18.07","18.29","17.83","3.44M","-2.14%"
"Jul 23, 2020","18.22","18.38","18.95","18.05","9.25M","-0.87%"
"Jul 22, 2020","18.38","17.01","18.56","16.84","8.99M","8.89%"
"Jul 21, 2020","16.88","17.26","17.64","16.40","3.16M","-1.80%"
"Jul 20, 2020","17.19","17.82","18.59","17.10","6.66M","-3.05%"
"Jul 17, 2020","17.73","16.61","18.15","16.61","13.44M","7.45%"
"Jul 16, 2020","16.50","16.07","16.52","16.07","3.11M","3.71%"
"Jul 14, 2020","15.91","15.57","16.25","15.42","3.20M","2.18%"
"Jul 13, 2020","15.57","15.08","15.68","15.05","2.12M","4.71%"
"Jul 10, 2020","14.87","15.30","15.35","14.57","2.79M","-3.75%"
"Jul 09, 2020","15.45","16.35","16.54","15.45","3.72M","-4.22%"
"Jul 08, 2020","16.13","15.69","16.66","15.51","6.68M","3.13%"
"Jul 07, 2020","15.64","16.09","16.16","15.30","3.66M","-2.13%"
"Jul 06, 2020","15.98","15.82","16.36","15.82","4.81M","1.85%"
"Jul 03, 2020","15.69","14.88","15.70","14.75","10.73M","5.59%"
"Jul 02, 2020","14.86","14.72","15.15","14.71","5.43M","3.19%"
"Jul 01, 2020","14.40","14.56","14.62","14.32","2.31M","-0.07%"
"Jun 30, 2020","14.41","14.40","14.66","14.39","2.58M","0.42%"
"Jun 29, 2020","14.35","14.20","14.47","14.12","2.12M","1.27%"
"Jun 26, 2020","14.17","14.24","14.34","14.10","1.29M","0.21%"
"Jun 25, 2020","14.14","14.32","14.57","14.11","3.13M","-0.35%"
"Jun 24, 2020","14.19","14.13","14.48","14.06","2.08M","0.07%"
"Jun 23, 2020","14.18","14.30","14.39","14.10","1.48M","-0.35%"
"Jun 22, 2020","14.23","14.40","14.56","14.22","1.42M","-0.56%"
"Jun 19, 2020","14.31","14.70","14.77","14.29","2.56M","-1.92%"
"Jun 18, 2020","14.59","14.46","15.08","14.46","6.36M","1.25%"
"Jun 17, 2020","14.41","14.25","14.65","14.24","3.08M","1.55%"
"Jun 16, 2020","14.19","14.01","14.32","13.96","3.15M","3.05%"
"Jun 15, 2020","13.77","14.00","14.16","13.71","1.66M","-2.41%"
"Jun 12, 2020","14.11","14.04","14.24","13.78","1.73M","-0.35%"
"Jun 11, 2020","14.16","14.09","14.34","14.02","2.38M","0.07%"
"Jun 10, 2020","14.15","14.09","14.31","14.00","1.42M","1.07%"
"Jun 09, 2020","14.00","14.24","14.36","13.93","1.36M","-1.69%"
"Jun 08, 2020","14.24","14.55","14.70","14.09","1.19M","-1.86%"
"Jun 05, 2020","14.51","14.70","14.79","14.51","1.20M","-1.16%"
"Jun 04, 2020","14.68","14.71","14.94","14.66","2.27M","-0.14%"
"Jun 03, 2020","14.70","14.60","14.87","14.45","2.70M","1.31%"
"Jun 02, 2020","14.51","14.69","14.92","14.46","2.53M","-0.62%"
"Jun 01, 2020","14.60","14.60","14.83","14.40","1.90M","0.76%"
"May 29, 2020","14.49","14.86","14.88","14.42","1.73M","-2.82%"
"May 28, 2020","14.91","15.50","15.50","14.73","4.27M","-4.05%"
"May 27, 2020","15.54","14.75","15.54","14.72","5.66M","8.75%"
"May 22, 2020","14.29","14.49","14.49","14.06","1.15M","-1.72%"
"May 21, 2020","14.54","14.80","14.87","14.39","2.43M","-1.42%"
"May 20, 2020","14.75","14.40","15.00","14.37","4.43M","3.65%"
"May 18, 2020","14.23","14.00","14.38","13.86","4.81M","5.80%"
"May 15, 2020","13.45","13.25","13.63","13.22","3.43M","2.67%"
"May 14, 2020","13.10","13.02","13.60","12.96","3.31M","-0.38%"
"May 13, 2020","13.15","13.20","13.54","13.15","2.73M","0.00%"
"May 12, 2020","13.15","12.75","13.32","12.65","2.40M","2.98%"
"May 11, 2020","12.77","12.95","13.08","12.68","947.89K","-0.47%"
"May 08, 2020","12.83","13.34","13.39","12.74","1.25M","-2.43%"
"May 07, 2020","13.15","13.42","13.42","13.15","2.01M","-2.01%"
"May 06, 2020","13.42","13.34","13.74","13.04","2.92M","1.05%"
"May 05, 2020","13.28","13.00","13.45","12.87","4.20M","4.65%"
"May 04, 2020","12.69","12.52","12.90","12.52","1.98M","-3.86%"
"Apr 30, 2020","13.20","13.90","13.99","12.81","2.73M","-4.56%"
"Apr 29, 2020","13.83","13.65","14.35","13.65","6.21M","1.39%"
"Apr 28, 2020","13.64","14.27","14.28","13.60","3.69M","-3.67%"
"Apr 27, 2020","14.16","13.66","14.43","13.60","5.92M","6.55%"
"Apr 24, 2020","13.29","12.79","13.58","12.76","6.10M","4.48%"
"Apr 22, 2020","12.72","12.13","13.10","12.00","11.92M","6.09%"
"Apr 21, 2020","11.99","11.73","12.29","11.64","4.62M","1.52%"
"Apr 20, 2020","11.81","11.33","11.87","11.30","5.12M","4.98%"
"Apr 17, 2020","11.25","11.21","11.38","11.12","1.86M","2.46%"
"Apr 16, 2020","10.98","11.04","11.25","10.73","2.09M","0.55%"
"Apr 15, 2020","10.92","11.50","11.55","10.72","2.45M","-4.38%"
"Apr 14, 2020","11.42","11.37","11.56","11.23","2.63M","1.51%"
"Apr 13, 2020","11.25","11.25","11.54","11.15","2.62M","-0.88%"
"Apr 10, 2020","11.35","11.38","11.60","11.19","2.45M","-0.18%"
"Apr 09, 2020","11.37","11.35","11.55","11.14","3.54M","1.70%"
"Apr 08, 2020","11.18","10.98","11.18","10.70","2.05M","1.73%"
"Apr 07, 2020","10.99","11.15","11.60","10.80","4.73M","0.46%"
"Apr 06, 2020","10.94","10.45","10.96","10.34","3.40M","7.36%"
"Apr 03, 2020","10.19","10.23","10.48","10.12","2.21M","0.20%"
"Apr 02, 2020","10.17","10.16","10.60","9.83","4.29M","0.59%"
"Apr 01, 2020","10.11","10.18","10.74","10.01","3.00M","-1.94%"
"Mar 31, 2020","10.31","10.20","10.43","9.94","3.12M","4.35%"
"Mar 30, 2020","9.88","10.00","10.15","9.70","2.18M","-1.20%"
"Mar 27, 2020","10.00","10.56","11.07","10.00","6.12M","-3.66%"
"Mar 26, 2020","10.38","10.06","10.60","9.73","5.31M","3.18%"
"Mar 25, 2020","10.06","10.05","10.57","9.61","4.99M","4.14%"
"Mar 24, 2020","9.66","9.17","9.66","9.09","3.09M","9.90%"
"Mar 23, 2020","8.79","8.14","8.99","8.01","4.33M","4.39%"
"Mar 20, 2020","8.42","8.22","8.65","8.18","2.63M","5.38%"
"Mar 19, 2020","7.99","7.92","8.20","7.75","1.62M","0.88%"
"Mar 18, 2020","7.92","7.59","8.19","7.46","1.78M","3.13%"
"Mar 17, 2020","7.68","8.04","8.16","7.21","1.58M","-4.12%"
"Mar 16, 2020","8.01","8.50","8.50","8.01","981.99K","-9.90%"
"Mar 13, 2020","8.89","8.31","9.22","7.85","2.13M","5.21%"
"Mar 12, 2020","8.45","9.90","9.94","8.45","2.53M","-19.98%"
"Mar 11, 2020","10.56","11.80","12.00","10.43","1.63M","-11.26%"
"Mar 10, 2020","11.90","13.30","13.39","11.90","1.60M","-7.68%"
"Mar 09, 2020","12.89","13.66","13.80","12.51","1.08M","-7.60%"
"Mar 06, 2020","13.95","13.49","14.50","13.20","2.89M","1.09%"
"Mar 05, 2020","13.80","13.94","14.22","13.80","1.44M","-0.07%"
"Mar 04, 2020","13.81","14.13","14.45","13.80","2.15M","-2.47%"
"Mar 03, 2020","14.16","13.95","14.37","13.81","2.15M","4.27%"
"Mar 02, 2020","13.58","13.40","13.68","13.20","2.19M","4.95%"
"Feb 28, 2020","12.94","11.30","13.34","11.10","1.69M","-5.89%"
"Feb 27, 2020","13.75","14.55","14.69","13.75","2.36M","-6.72%"
"Feb 26, 2020","14.74","14.69","15.20","14.60","4.07M","-0.27%"
"Feb 25, 2020","14.78","14.50","15.20","13.99","4.12M","5.20%"
"Feb 24, 2020","14.05","14.00","14.19","13.82","2.08M","-2.36%"
"Feb 21, 2020","14.39","14.05","14.50","13.70","2.69M","1.27%"
"Feb 20, 2020","14.21","15.66","15.66","14.10","3.40M","-8.91%"
"Feb 19, 2020","15.60","16.13","16.42","15.54","3.91M","-2.74%"
"Feb 18, 2020","16.04","16.20","16.59","15.92","6.14M","-1.17%"
"Feb 17, 2020","16.23","16.10","16.46","16.07","2.94M","2.01%"
"Feb 14, 2020","15.91","15.80","16.40","15.62","5.82M","1.40%"
"Feb 13, 2020","15.69","15.98","16.34","15.60","3.84M","-1.01%"
"Feb 12, 2020","15.85","15.60","16.14","15.43","6.79M","2.26%"
"Feb 11, 2020","15.50","14.79","15.79","14.39","9.38M","6.75%"
"Feb 10, 2020","14.52","15.04","15.63","13.91","5.47M","-3.07%"
"Feb 07, 2020","14.98","15.29","15.46","14.87","3.02M","-1.71%"
"Feb 06, 2020","15.24","15.70","15.80","15.21","4.22M","-1.23%"
"Feb 05, 2020","15.43","15.49","15.85","15.35","3.63M","0.06%"
"Feb 04, 2020","15.42","15.06","15.63","15.01","4.26M","3.98%"
"Feb 03, 2020","14.83","14.88","15.20","14.67","2.32M","0.00%"
"Jan 31, 2020","14.83","14.60","15.35","14.53","4.48M","2.91%"
"Jan 30, 2020","14.41","14.99","14.99","14.08","3.26M","-4.13%"
"Jan 29, 2020","15.03","16.15","16.25","15.03","4.32M","-5.35%"
"Jan 28, 2020","15.88","16.88","17.46","15.82","7.98M","-3.93%"
"Jan 27, 2020","16.53","15.08","17.35","14.97","10.50M","9.25%"
"Jan 24, 2020","15.13","14.53","15.40","14.45","6.29M","5.07%"
"Jan 23, 2020","14.40","14.11","14.72","14.03","4.80M","1.77%"
"Jan 22, 2020","14.15","14.38","14.59","14.13","3.30M","-1.46%"
"Jan 21, 2020","14.36","14.48","14.54","14.24","3.77M","-1.58%"
"Jan 20, 2020","14.59","14.24","14.89","14.11","8.02M","3.62%"
"Jan 17, 2020","14.08","14.24","14.50","13.96","2.73M","-0.14%"
"Jan 16, 2020","14.10","14.70","15.09","13.90","6.04M","-1.95%"
"Jan 15, 2020","14.38","13.80","14.94","13.80","11.17M","4.81%"
"Jan 14, 2020","13.72","13.46","13.84","13.23","5.46M","2.39%"
"Jan 13, 2020","13.40","13.42","13.65","13.32","3.92M","1.82%"
"Jan 10, 2020","13.16","13.20","13.47","13.05","3.78M","0.15%"
"Jan 09, 2020","13.14","12.51","13.14","12.51","4.07M","8.15%"
"Jan 08, 2020","12.15","12.00","12.46","11.76","2.73M","-1.78%"
"Jan 07, 2020","12.37","12.50","12.60","12.30","2.05M","1.23%"
"Jan 06, 2020","12.22","13.17","13.17","11.89","3.12M","-7.91%"
"Jan 03, 2020","13.27","13.57","13.85","12.87","3.65M","-3.42%"
"Jan 02, 2020","13.74","13.30","13.96","13.20","5.84M","5.21%"
"Dec 31, 2019","13.06","13.19","13.23","12.98","966.79K","-0.46%"
"Dec 30, 2019","13.12","13.04","13.25","12.81","2.37M","1.00%"
"Dec 27, 2019","12.99","13.36","13.38","12.81","1.82M","-2.04%"
"Dec 26, 2019","13.26","13.40","13.66","13.10","2.69M","-0.67%"
"Dec 25, 2019","13.35","13.30","13.70","13.24","3.08M","1.06%"
"Dec 24, 2019","13.21","13.33","13.59","13.21","1.77M","-0.45%"
"Dec 23, 2019","13.27","12.98","13.73","12.95","4.17M","2.79%"
"Dec 20, 2019","12.91","13.18","13.27","12.91","1.76M","-1.38%"
"Dec 19, 2019","13.09","13.28","13.45","12.99","2.26M","-0.46%"
"Dec 18, 2019","13.15","13.20","13.56","12.99","2.30M","-0.38%"
"Dec 17, 2019","13.20","13.85","14.00","13.13","2.60M","-3.72%"
"Dec 16, 2019","13.71","13.63","14.23","13.58","3.96M","0.88%"
"Dec 13, 2019","13.59","14.41","14.58","13.49","3.70M","-4.83%"
"Dec 12, 2019","14.28","12.65","14.79","12.62","17.80M","13.78%"
"Dec 11, 2019","12.55","12.69","12.83","12.47","4.34M","-0.24%"
"Dec 10, 2019","12.58","13.08","13.34","12.55","6.86M","-3.23%"
"Dec 09, 2019","13.00","13.20","13.57","13.00","4.59M","-0.91%"
"Dec 06, 2019","13.12","14.23","14.28","13.08","3.64M","-6.82%"
"Dec 05, 2019","14.08","13.34","14.44","13.18","7.33M","7.15%"
"Dec 04, 2019","13.14","13.23","13.36","13.05","2.74M","0.69%"
"Dec 03, 2019","13.05","13.00","13.60","12.86","4.38M","0.46%"
"Dec 02, 2019","12.99","12.72","13.31","12.55","5.08M","2.69%"
"Nov 29, 2019","12.65","13.22","13.37","12.50","4.50M","-3.66%"
"Nov 28, 2019","13.13","12.16","13.70","12.06","14.40M","8.33%"
"Nov 27, 2019","12.12","12.40","12.75","12.10","10.48M","0.83%"
"Nov 26, 2019","12.02","10.12","12.02","10.10","15.29M","19.96%"
"Nov 25, 2019","10.02","10.25","10.35","10.02","2.98M","-1.76%"
"Nov 22, 2019","10.20","10.15","10.31","10.07","3.26M","1.19%"
"Nov 21, 2019","10.08","10.18","10.23","10.03","2.86M","-0.98%"
"Nov 20, 2019","10.18","10.48","10.57","10.13","2.49M","-3.05%"
"Nov 19, 2019","10.50","10.18","10.55","10.17","4.76M","3.96%"
"Nov 18, 2019","10.10","9.93","10.23","9.93","2.78M","2.12%"
"Nov 15, 2019","9.89","9.89","9.99","9.85","1.30M","0.82%"
"Nov 14, 2019","9.81","9.98","10.02","9.79","1.41M","-1.41%"
"Nov 13, 2019","9.95","9.98","10.15","9.88","2.41M","0.00%"
"Nov 12, 2019","9.95","9.95","10.22","9.91","3.32M","0.51%"
"Nov 11, 2019","9.90","10.00","10.13","9.84","2.79M","-1.00%"
"Nov 08, 2019","10.00","10.13","10.36","9.94","3.96M","-0.50%"
"Nov 07, 2019","10.05","9.97","10.14","9.82","3.27M","1.41%"
"Nov 06, 2019","9.91","9.70","10.09","9.58","5.75M","2.59%"
"Nov 05, 2019","9.66","9.69","10.13","9.66","4.45M","0.31%"
"Nov 04, 2019","9.63","9.30","9.73","9.28","3.31M","4.22%"
"Nov 01, 2019","9.24","9.24","9.30","9.14","731.69K","0.00%"
"Oct 31, 2019","9.24","9.11","9.39","9.11","1.88M","2.21%"
"Oct 30, 2019","9.04","8.90","9.34","8.83","1.47M","-0.66%"
"Oct 28, 2019","9.10","9.18","9.24","9.03","340.56K","-0.66%"
"Oct 25, 2019","9.16","9.18","9.43","9.10","1.71M","-2.35%"
"Oct 24, 2019","9.38","9.59","9.72","9.25","1.98M","-1.05%"
"Oct 23, 2019","9.48","9.04","9.68","9.02","4.62M","6.40%"
"Oct 22, 2019","8.91","8.93","9.08","8.89","1.07M","0.34%"
"Oct 21, 2019","8.88","8.91","9.10","8.86","978.98K","-0.22%"
"Oct 18, 2019","8.90","8.91","9.15","8.86","2.08M","3.73%"
"Oct 17, 2019","8.58","8.62","8.82","8.44","1.21M","-0.23%"
"Oct 16, 2019","8.60","8.13","8.79","8.08","2.83M","2.99%"
"Oct 15, 2019","8.35","8.35","8.49","8.20","1.73M","3.09%"
"Oct 14, 2019","8.10","8.69","8.72","7.83","2.60M","-7.43%"
"Oct 11, 2019","8.75","8.50","9.04","8.41","5.11M","4.17%"
"Oct 10, 2019","8.40","8.64","8.85","8.18","2.32M","-2.89%"
"Oct 09, 2019","8.65","9.34","9.43","8.60","2.11M","-6.49%"
"Oct 08, 2019","9.25","9.55","9.58","9.12","2.12M","-3.65%"
"Oct 07, 2019","9.60","10.15","10.18","9.60","2.69M","-4.00%"
"Oct 04, 2019","10.00","10.68","10.70","10.00","8.35M","-6.37%"
"Oct 03, 2019","10.68","9.59","10.71","9.50","14.22M","12.54%"
"Oct 02, 2019","9.49","9.27","9.60","9.22","2.52M","2.82%"
"Oct 01, 2019","9.23","9.42","9.46","9.17","1.11M","-1.28%"
"Sep 30, 2019","9.35","9.49","9.50","9.34","842.86K","-0.53%"
"Sep 27, 2019","9.40","9.28","9.46","9.27","1.26M","2.06%"
"Sep 26, 2019","9.21","9.39","9.49","9.21","977.98K","-1.50%"
"Sep 25, 2019","9.35","9.35","9.70","9.25","4.55M","0.54%"
"Sep 24, 2019","9.30","9.56","9.67","9.24","2.34M","-2.41%"
"Sep 23, 2019","9.53","9.57","9.77","9.50","2.67M","0.32%"
"Sep 20, 2019","9.50","9.33","9.85","9.11","5.03M","2.15%"
"Sep 19, 2019","9.30","9.60","9.80","9.08","3.36M","-3.13%"
"Sep 18, 2019","9.60","8.86","9.91","8.74","10.60M","8.47%"
"Sep 17, 2019","8.85","8.74","8.93","8.46","2.88M","1.49%"
"Sep 16, 2019","8.72","9.00","9.07","8.69","5.18M","-3.96%"
"Sep 13, 2019","9.08","8.62","9.08","8.24","12.72M","4.61%"
"Sep 12, 2019","8.68","7.29","8.68","7.16","11.37M","19.89%"
"Sep 11, 2019","7.24","7.12","7.32","7.12","1.45M","1.97%"
"Sep 10, 2019","7.10","7.07","7.15","7.06","435.35K","0.71%"
"Sep 09, 2019","7.05","7.00","7.15","7.00","450.76K","1.44%"
"Sep 06, 2019","6.95","7.06","7.11","6.90","427.15K","-1.28%"
"Sep 05, 2019","7.04","7.08","7.18","7.04","813.61K","-0.42%"
"Sep 04, 2019","7.07","7.05","7.12","6.95","943.23K","1.00%"
"Sep 03, 2019","7.00","6.85","7.00","6.77","831.74K","2.49%"
"Sep 02, 2019","6.83","6.73","6.85","6.73","645.75K","1.79%"
"Aug 29, 2019","6.71","6.64","6.80","6.62","445.84K","1.36%"
"Aug 28, 2019","6.62","6.61","6.80","6.54","954.56K","1.85%"
"Aug 27, 2019","6.50","6.52","6.53","6.43","371.53K","-0.61%"
"Aug 26, 2019","6.54","6.25","6.55","6.20","581.26K","3.15%"
"Aug 23, 2019","6.34","6.26","6.40","6.26","461.41K","1.44%"
"Aug 22, 2019","6.25","6.29","6.37","6.17","610.34K","-0.64%"
"Aug 21, 2019","6.29","6.40","6.46","6.28","459.71K","-1.56%"
"Aug 20, 2019","6.39","6.39","6.46","6.34","506.30K","0.95%"
"Aug 19, 2019","6.33","6.59","6.62","6.33","575.02K","-3.21%"
"Aug 16, 2019","6.54","6.63","6.65","6.53","369.27K","-1.06%"
"Aug 15, 2019","6.61","6.68","6.68","6.51","616.50K","-1.49%"
"Aug 09, 2019","6.71","7.07","7.07","6.68","1.98M","-7.45%"
"Aug 08, 2019","7.25","7.35","7.36","7.25","358.06K","-0.14%"
"Aug 07, 2019","7.26","7.48","7.50","7.25","745.30K","-2.29%"
"Aug 06, 2019","7.43","7.60","7.67","7.42","849.47K","-2.24%"
"Aug 05, 2019","7.60","7.63","7.75","7.47","1.25M","-0.39%"
"Aug 02, 2019","7.63","7.69","7.74","7.53","1.20M","-0.78%"
"Aug 01, 2019","7.69","7.27","7.69","7.27","1.59M","5.05%"
"Jul 31, 2019","7.32","7.52","7.53","7.31","1.08M","-1.74%"
"Jul 30, 2019","7.45","7.67","7.72","7.42","2.31M","-2.61%"
"Jul 29, 2019","7.65","7.42","7.68","7.36","4.47M","6.40%"
"Jul 26, 2019","7.19","7.08","7.25","7.05","738.98K","1.99%"
"Jul 25, 2019","7.05","7.10","7.20","7.03","661.93K","-0.42%"
"Jul 24, 2019","7.08","7.11","7.16","7.03","257.32K","-0.28%"
"Jul 23, 2019","7.10","7.05","7.17","7.02","549.97K","0.71%"
"Jul 22, 2019","7.05","7.10","7.10","6.96","477.85K","-0.42%"
"Jul 19, 2019","7.08","7.30","7.32","7.05","734.38K","-2.21%"
"Jul 18, 2019","7.24","7.15","7.34","7.14","1.29M","1.40%"
"Jul 17, 2019","7.14","6.94","7.24","6.91","3.13M","3.63%"
"Jul 16, 2019","6.89","6.72","6.98","6.68","910.49K","3.61%"
"Jul 12, 2019","6.65","6.85","6.97","6.57","771.51K","-2.78%"
"Jul 11, 2019","6.84","6.75","6.95","6.69","845.83K","2.09%"
"Jul 10, 2019","6.70","6.59","6.77","6.45","677.98K","1.36%"
"Jul 09, 2019","6.61","6.85","6.92","6.60","569.99K","-4.20%"
"Jul 08, 2019","6.90","7.00","7.10","6.85","530.44K","-2.40%"
"Jul 05, 2019","7.07","7.20","7.24","7.07","347.99K","-1.39%"
"Jul 04, 2019","7.17","7.19","7.27","7.12","871.60K","0.00%"
"Jul 03, 2019","7.17","7.37","7.42","7.15","599.93K","-2.58%"
"Jul 02, 2019","7.36","7.19","7.50","7.16","1.83M","2.79%"
"Jul 01, 2019","7.16","7.15","7.19","7.03","1.44M","3.77%"
"Jun 28, 2019","6.90","6.89","6.99","6.89","518.78K","0.73%"
"Jun 27, 2019","6.85","6.87","6.95","6.85","466.03K","0.44%"
"Jun 26, 2019","6.82","6.84","7.05","6.82","796.03K","-0.73%"
"Jun 25, 2019","6.87","6.93","7.02","6.86","595.73K","-0.87%"
"Jun 24, 2019","6.93","7.06","7.19","6.92","955.26K","0.58%"
"Jun 21, 2019","6.89","6.68","7.03","6.66","1.28M","3.30%"
"Jun 20, 2019","6.67","6.78","7.03","6.65","2.11M","-0.89%"
"Jun 19, 2019","6.73","6.68","6.93","6.58","1.50M","0.75%"
"Jun 18, 2019","6.68","6.64","6.81","6.53","857.94K","1.06%"
"Jun 17, 2019","6.61","6.38","6.74","6.32","820.70K","3.44%"
"Jun 14, 2019","6.39","6.31","6.49","6.28","739.88K","1.59%"
"Jun 13, 2019","6.29","6.48","6.50","6.28","600.20K","-3.23%"
"Jun 12, 2019","6.50","6.56","6.60","6.40","380.32K","-0.46%"
"Jun 11, 2019","6.53","6.71","6.80","6.51","528.19K","-2.68%"
"Jun 10, 2019","6.71","6.46","6.99","6.37","1.81M","3.87%"
"Jun 07, 2019","6.46","6.23","6.49","6.18","1.58M","4.19%"
"Jun 03, 2019","6.20","6.59","6.59","6.20","1.25M","-5.05%"
"May 31, 2019","6.53","5.88","6.79","5.83","10.96M","11.24%"
"May 30, 2019","5.87","5.78","5.89","5.77","489.58K","2.80%"
"May 29, 2019","5.71","5.87","5.89","5.70","284.15K","-1.89%"
"May 28, 2019","5.82","5.83","5.90","5.82","212.81K","0.34%"
"May 27, 2019","5.80","5.74","5.93","5.74","582.65K","2.11%"
"May 24, 2019","5.68","5.55","5.70","5.55","225.68K","2.71%"
"May 23, 2019","5.53","5.49","5.59","5.44","187.14K","0.00%"
"May 22, 2019","5.53","5.78","5.81","5.53","352.77K","-4.33%"
"May 21, 2019","5.78","5.93","5.94","5.78","294.60K","-2.53%"
"May 20, 2019","5.93","5.94","5.99","5.91","205.65K","-1.00%"
"May 17, 2019","5.99","6.05","6.05","5.95","301.76K","-1.32%"
"May 16, 2019","6.07","6.06","6.15","6.02","415.57K","0.66%"
"May 15, 2019","6.03","6.10","6.25","5.97","1.60M","-0.99%"
"May 14, 2019","6.09","6.00","6.11","5.93","450.54K","1.84%"
"May 13, 2019","5.98","6.40","6.40","5.93","628.79K","-5.83%"
"May 10, 2019","6.35","6.50","6.54","6.34","553.24K","-2.31%"
"May 09, 2019","6.50","6.73","6.77","6.50","368.34K","-3.42%"
"May 08, 2019","6.73","6.84","6.97","6.73","545.02K","-1.61%"
"May 07, 2019","6.84","6.83","6.91","6.74","370.66K","-1.58%"
"May 06, 2019","6.95","7.13","7.13","6.86","339.35K","-3.74%"
"May 03, 2019","7.22","7.15","7.23","7.09","211.99K","0.28%"
"May 02, 2019","7.20","7.42","7.44","7.17","281.48K","-2.31%"
"Apr 30, 2019","7.37","7.28","7.39","7.25","449.97K","1.38%"
"Apr 29, 2019","7.27","7.37","7.40","7.23","293.18K","-1.36%"
"Apr 26, 2019","7.37","7.39","7.45","7.30","424.55K","-0.54%"
"Apr 25, 2019","7.41","7.62","7.63","7.34","536.07K","-2.63%"
"Apr 24, 2019","7.61","7.59","7.67","7.55","504.37K","0.40%"
"Apr 22, 2019","7.58","7.66","7.67","7.54","390.89K","-1.17%"
"Apr 19, 2019","7.67","7.64","7.76","7.64","604.84K","0.00%"
"Apr 18, 2019","7.67","7.66","7.70","7.61","416.76K","-0.65%"
"Apr 17, 2019","7.72","7.57","7.74","7.55","985.82K","2.52%"
"Apr 16, 2019","7.53","7.60","7.70","7.49","606.10K","-0.40%"
"Apr 15, 2019","7.56","7.57","7.74","7.52","558.58K","-0.13%"
"Apr 12, 2019","7.57","7.53","7.57","7.41","448.16K","0.00%"
"Apr 11, 2019","7.57","7.77","7.80","7.57","559.23K","-2.32%"
"Apr 10, 2019","7.75","7.93","7.95","7.72","559.39K","-2.02%"
"Apr 09, 2019","7.91","7.96","8.06","7.87","817.11K","0.64%"
"Apr 08, 2019","7.86","8.12","8.14","7.82","738.35K","-3.08%"
"Apr 05, 2019","8.11","8.27","8.32","8.09","797.54K","-1.70%"
"Apr 04, 2019","8.25","8.11","8.25","8.08","834.76K","1.85%"
"Apr 03, 2019","8.10","8.24","8.29","8.06","916.77K","-0.61%"
"Apr 02, 2019","8.15","8.14","8.41","8.09","1.27M","0.00%"
"Apr 01, 2019","8.15","8.19","8.33","7.96","1.03M","-0.12%"
"Mar 29, 2019","8.16","8.15","8.34","8.12","961.35K","0.49%"
"Mar 28, 2019","8.12","7.94","8.23","7.86","1.08M","2.27%"
"Mar 27, 2019","7.94","8.53","8.56","7.94","1.59M","-6.48%"
"Mar 26, 2019","8.49","8.30","8.54","8.18","1.70M","3.28%"
"Mar 25, 2019","8.22","8.21","8.37","7.79","1.92M","0.37%"
"Mar 22, 2019","8.19","8.65","8.81","8.17","2.35M","-4.66%"
"Mar 21, 2019","8.59","8.88","9.08","8.49","3.03M","-2.94%"
"Mar 20, 2019","8.85","8.29","9.10","8.29","6.37M","8.86%"
"Mar 19, 2019","8.13","7.87","8.39","7.84","3.81M","3.70%"
"Mar 18, 2019","7.84","7.75","7.97","7.75","818.83K","1.95%"
"Mar 15, 2019","7.69","7.85","7.87","7.67","699.66K","-1.54%"
"Mar 14, 2019","7.81","7.97","8.25","7.75","2.43M","-1.64%"
"Mar 13, 2019","7.94","7.23","8.20","7.21","6.74M","9.97%"
"Mar 12, 2019","7.22","7.31","7.32","7.13","512.27K","-0.55%"
"Mar 11, 2019","7.26","7.67","7.67","7.22","814.05K","-5.35%"
"Mar 08, 2019","7.67","7.92","7.97","7.57","804.50K","-3.16%"
"Mar 07, 2019","7.92","8.17","8.20","7.88","888.98K","-2.70%"
"Mar 06, 2019","8.14","8.30","8.30","8.11","420.73K","-0.37%"
"Mar 05, 2019","8.17","8.35","8.50","8.15","990.50K","-2.04%"
"Mar 04, 2019","8.34","8.17","8.40","8.17","710.07K","2.58%"
"Mar 01, 2019","8.13","8.34","8.36","8.10","448.86K","-2.17%"
"Feb 28, 2019","8.31","8.18","8.38","8.15","680.17K","2.09%"
"Feb 27, 2019","8.14","8.39","8.47","8.09","802.80K","-2.40%"
"Feb 26, 2019","8.34","8.44","8.64","8.20","1.63M","-0.60%"
"Feb 25, 2019","8.39","7.98","8.50","7.98","2.36M","7.43%"
"Feb 22, 2019","7.81","7.65","8.00","7.65","1.44M","2.76%"
"Feb 21, 2019","7.60","7.45","7.64","7.45","499.49K","2.29%"
"Feb 20, 2019","7.43","7.35","7.54","7.31","472.62K","1.50%"
"Feb 19, 2019","7.32","7.35","7.41","7.20","375.10K","-0.41%"
"Feb 18, 2019","7.35","7.30","7.54","7.25","1.02M","1.52%"
"Feb 15, 2019","7.24","7.18","7.31","7.13","688.76K","0.56%"
"Feb 14, 2019","7.20","7.18","7.28","7.03","344.59K","0.56%"
"Feb 13, 2019","7.16","7.34","7.45","7.11","1.14M","-2.05%"
"Feb 12, 2019","7.31","7.46","7.57","7.29","516.83K","-1.35%"
"Feb 11, 2019","7.41","7.14","7.45","7.14","782.01K","4.37%"
"Feb 08, 2019","7.10","7.20","7.21","7.06","236.75K","-1.66%"
"Feb 07, 2019","7.22","7.24","7.33","7.19","258.95K","-0.28%"
"Feb 06, 2019","7.24","7.36","7.38","7.11","327.76K","-0.82%"
"Feb 05, 2019","7.30","7.59","7.65","7.28","500.82K","-2.80%"
"Feb 04, 2019","7.51","7.76","7.78","7.51","302.62K","-3.10%"
"Feb 01, 2019","7.75","7.96","7.96","7.64","524.55K","-2.52%"
"Jan 31, 2019","7.95","7.84","8.04","7.80","757.44K","1.92%"
"Jan 30, 2019","7.80","7.85","7.90","7.72","708.58K","0.39%"
"Jan 29, 2019","7.77","7.64","7.81","7.62","746.08K","2.10%"
"Jan 28, 2019","7.61","7.42","7.70","7.41","1.10M","2.98%"
"Jan 25, 2019","7.39","7.26","7.39","7.14","821.20K","2.21%"
"Jan 24, 2019","7.23","7.00","7.35","7.00","1.75M","3.58%"
"Jan 23, 2019","6.98","6.97","7.01","6.94","492.13K","0.29%"
"Jan 22, 2019","6.96","6.93","7.02","6.91","431.19K","0.58%"
"Jan 21, 2019","6.92","7.09","7.14","6.92","570.74K","-2.12%"
"Jan 18, 2019","7.07","7.10","7.16","7.02","501.13K","0.86%"
"Jan 17, 2019","7.01","6.94","7.08","6.88","483.15K","1.01%"
"Jan 16, 2019","6.94","6.88","6.99","6.87","479.83K","1.61%"
"Jan 15, 2019","6.83","6.70","7.08","6.67","1.35M","3.02%"
"Jan 14, 2019","6.63","6.60","6.70","6.54","388.48K","0.00%"
"Jan 11, 2019","6.63","6.60","6.65","6.55","308.00K","1.07%"
"Jan 10, 2019","6.56","6.66","6.75","6.56","727.97K","-0.61%"
"Jan 09, 2019","6.60","6.49","6.65","6.46","702.87K","2.01%"
"Jan 08, 2019","6.47","6.46","6.49","6.37","544.12K","0.47%"
"Jan 07, 2019","6.44","6.44","6.51","6.41","387.89K","0.47%"
"Jan 04, 2019","6.41","6.44","6.44","6.33","409.24K","0.47%"
"Jan 03, 2019","6.38","6.36","6.49","6.33","641.44K","0.31%"
"Jan 02, 2019","6.36","6.45","6.47","6.36","330.95K","-1.55%"
"Dec 31, 2018","6.46","6.46","6.50","6.39","560.09K","0.00%"
"Dec 28, 2018","6.46","6.54","6.54","6.41","560.13K","-0.77%"
"Dec 27, 2018","6.51","6.64","6.68","6.51","302.96K","-1.36%"
"Dec 26, 2018","6.60","6.64","6.67","6.59","171.65K","-0.45%"
"Dec 25, 2018","6.63","6.64","6.68","6.60","299.48K","-1.19%"
"Dec 24, 2018","6.71","6.67","6.80","6.62","875.65K","0.90%"
"Dec 21, 2018","6.65","6.60","6.68","6.57","456.43K","0.45%"
"Dec 20, 2018","6.62","6.63","6.67","6.54","425.35K","-0.90%"
"Dec 19, 2018","6.68","6.56","6.73","6.55","848.20K","2.14%"
"Dec 18, 2018","6.54","6.48","6.56","6.45","366.69K","0.93%"
"Dec 17, 2018","6.48","6.55","6.61","6.45","246.77K","-1.07%"
"Dec 14, 2018","6.55","6.78","6.78","6.50","497.23K","-3.25%"
"Dec 13, 2018","6.77","6.80","6.85","6.74","283.23K","0.30%"
"Dec 12, 2018","6.75","7.15","7.18","6.74","640.88K","-5.33%"
"Dec 11, 2018","7.13","7.15","7.22","7.08","346.69K","-0.14%"
"Dec 10, 2018","7.14","7.20","7.25","7.13","308.77K","-0.97%"
"Dec 07, 2018","7.21","7.12","7.21","7.12","290.43K","2.12%"
"Dec 06, 2018","7.06","7.22","7.22","7.02","542.55K","-2.75%"
"Dec 05, 2018","7.26","7.18","7.34","7.12","319.46K","-0.41%"
"Dec 04, 2018","7.29","7.48","7.56","7.25","426.40K","-2.80%"
"Dec 03, 2018","7.50","7.51","7.67","7.50","646.51K","0.54%"
"Nov 30, 2018","7.46","7.30","7.54","7.29","920.89K","2.05%"
"Nov 29, 2018","7.31","7.35","7.40","7.28","483.62K","0.55%"
"Nov 28, 2018","7.27","7.43","7.55","7.27","555.48K","-1.89%"
"Nov 27, 2018","7.41","7.13","7.66","7.12","1.78M","4.37%"
"Nov 26, 2018","7.10","6.97","7.16","6.97","893.73K","2.01%"
"Nov 23, 2018","6.96","6.94","7.00","6.88","301.29K","0.58%"
"Nov 22, 2018","6.92","6.86","6.99","6.81","432.32K","1.32%"
"Nov 21, 2018","6.83","6.83","6.95","6.77","644.51K","0.15%"
"Nov 20, 2018","6.82","7.00","7.03","6.78","346.68K","-2.85%"
"Nov 19, 2018","7.02","7.02","7.08","6.98","462.05K","0.14%"
"Nov 16, 2018","7.01","6.95","7.11","6.95","831.14K","1.59%"
"Nov 15, 2018","6.90","6.86","6.95","6.86","345.02K","0.58%"
"Nov 14, 2018","6.86","6.85","6.95","6.80","296.53K","0.00%"
"Nov 13, 2018","6.86","6.86","6.93","6.80","310.79K","0.15%"
"Nov 12, 2018","6.85","6.93","7.10","6.85","406.28K","-0.87%"
"Nov 09, 2018","6.91","7.08","7.13","6.85","472.59K","-2.26%"
"Nov 08, 2018","7.07","7.30","7.30","7.07","728.05K","-5.73%"
"Nov 07, 2018","7.50","7.41","7.62","7.41","584.82K","0.94%"
"Nov 06, 2018","7.43","7.52","7.59","7.40","428.12K","-1.72%"
"Nov 05, 2018","7.56","7.44","7.56","7.36","454.83K","2.16%"
"Nov 02, 2018","7.40","7.27","7.46","7.20","820.65K","2.78%"
"Nov 01, 2018","7.20","7.04","7.20","7.01","541.91K","2.42%"
"Oct 31, 2018","7.03","7.18","7.21","7.00","382.64K","-0.57%"
"Oct 30, 2018","7.07","7.15","7.25","6.96","439.97K","-0.70%"
"Oct 26, 2018","7.12","7.23","7.53","7.10","954.99K","-1.11%"
"Oct 25, 2018","7.20","7.16","7.22","7.00","592.44K","0.14%"
"Oct 24, 2018","7.19","7.42","7.49","7.16","522.82K","-2.57%"
"Oct 23, 2018","7.38","7.55","7.70","7.25","440.81K","-2.51%"
"Oct 22, 2018","7.57","7.83","7.84","7.55","339.20K","-2.32%"
"Oct 19, 2018","7.75","7.96","8.03","7.69","341.05K","-2.64%"
"Oct 18, 2018","7.96","8.17","8.27","7.95","841.37K","-2.21%"
"Oct 17, 2018","8.14","8.16","8.26","8.07","344.05K","0.00%"
"Oct 16, 2018","8.14","8.20","8.27","8.09","422.86K","-0.49%"
"Oct 15, 2018","8.18","7.93","8.18","7.90","804.20K","4.87%"
"Oct 12, 2018","7.80","7.75","7.80","7.55","452.76K","1.69%"
"Oct 11, 2018","7.67","7.77","7.91","7.50","244.42K","-1.29%"
"Oct 10, 2018","7.77","7.98","7.99","7.74","361.82K","-2.02%"
"Oct 09, 2018","7.93","8.01","8.06","7.83","384.82K","-0.50%"
"Oct 08, 2018","7.97","7.80","8.02","7.78","309.67K","1.79%"
"Oct 05, 2018","7.83","7.80","7.90","7.66","392.59K","0.51%"
"Oct 04, 2018","7.79","8.27","8.29","7.73","614.94K","-5.58%"
"Oct 03, 2018","8.25","8.44","8.52","8.25","456.58K","-2.48%"
"Oct 02, 2018","8.46","8.70","8.73","8.44","691.64K","-2.31%"
"Oct 01, 2018","8.66","8.60","8.85","8.55","1.09M","0.70%"
"Sep 28, 2018","8.60","8.71","8.75","8.57","717.67K","-0.81%"
"Sep 27, 2018","8.67","8.59","8.74","8.52","1.19M","0.81%"
"Sep 26, 2018","8.60","8.80","8.83","8.53","460.63K","-1.94%"
"Sep 25, 2018","8.77","8.89","8.97","8.76","1.44M","-0.57%"
"Sep 24, 2018","8.82","8.82","9.00","8.77","1.05M","0.46%"
"Sep 21, 2018","8.78","8.55","8.88","8.55","1.12M","2.93%"
"Sep 20, 2018","8.53","8.71","8.76","8.50","753.54K","-1.73%"
"Sep 19, 2018","8.68","8.46","8.71","8.43","1.08M","3.21%"
"Sep 18, 2018","8.41","8.51","8.55","8.39","410.25K","-0.47%"
"Sep 17, 2018","8.45","8.39","8.54","8.33","683.44K","0.72%"
"Sep 14, 2018","8.39","8.44","8.61","8.34","975.51K","0.36%"
"Sep 13, 2018","8.36","8.24","8.36","7.98","810.89K","1.83%"
"Sep 12, 2018","8.21","8.36","8.46","8.20","421.15K","-1.56%"
"Sep 11, 2018","8.34","8.45","8.54","8.22","582.75K","-1.07%"
"Sep 10, 2018","8.43","8.80","8.84","8.38","529.76K","-4.42%"
"Sep 07, 2018","8.82","8.93","8.95","8.79","394.90K","-0.90%"
"Sep 06, 2018","8.90","8.93","9.09","8.88","506.59K","0.23%"
"Sep 05, 2018","8.88","9.06","9.17","8.84","535.32K","-1.33%"
"Sep 04, 2018","9.00","8.78","9.30","8.78","1.82M","2.39%"
"Sep 03, 2018","8.79","8.35","8.90","8.31","1.32M","4.39%"
"Aug 31, 2018","8.42","8.27","8.50","8.27","562.81K","0.84%"
"Aug 29, 2018","8.35","8.19","8.45","8.13","599.45K","1.21%"
"Aug 28, 2018","8.25","7.90","8.33","7.90","1.03M","4.56%"
"Aug 27, 2018","7.89","7.75","7.97","7.71","566.77K","2.20%"
"Aug 20, 2018","7.72","7.88","7.88","7.68","158.39K","0.13%"
"Aug 17, 2018","7.71","7.87","7.89","7.42","557.76K","-2.03%"
"Aug 16, 2018","7.87","8.12","8.49","7.84","1.15M","-7.63%"
"Aug 15, 2018","8.52","9.00","9.06","8.48","683.99K","-3.40%"
"Aug 14, 2018","8.82","8.66","8.88","8.63","852.15K","5.63%"
"Aug 13, 2018","8.35","8.60","8.74","8.08","758.26K","-5.11%"
"Aug 10, 2018","8.80","9.30","9.47","7.85","1.67M","-5.78%"
"Aug 09, 2018","9.34","9.05","9.62","9.00","2.96M","1.97%"
"Aug 08, 2018","9.16","9.25","9.31","9.15","625.09K","-0.54%"
"Aug 07, 2018","9.21","9.12","9.25","9.03","541.09K","1.21%"
"Aug 06, 2018","9.10","9.32","9.36","9.10","440.53K","-2.57%"
"Aug 03, 2018","9.34","9.27","9.43","9.27","667.18K","0.76%"
"Aug 02, 2018","9.27","9.50","9.50","9.02","796.73K","-4.53%"
"Aug 01, 2018","9.71","9.75","9.93","9.69","836.34K","-0.10%"
"Jul 31, 2018","9.72","9.62","10.12","9.61","3.26M","1.14%"
"Jul 30, 2018","9.61","9.59","9.72","9.54","561.13K","0.31%"
"Jul 27, 2018","9.58","9.54","9.74","9.48","864.49K","0.00%"
"Jul 26, 2018","9.58","9.48","10.01","9.32","3.36M","1.27%"
"Jul 25, 2018","9.46","9.25","9.49","9.22","648.60K","2.49%"
"Jul 24, 2018","9.23","9.67","9.67","9.19","828.46K","-4.55%"
"Jul 23, 2018","9.67","9.61","9.79","9.60","889.52K","1.26%"
"Jul 20, 2018","9.55","9.43","9.69","9.40","1.15M","0.84%"
"Jul 19, 2018","9.47","9.36","9.63","9.33","1.24M","1.50%"
"Jul 18, 2018","9.33","9.56","9.60","9.19","767.64K","-1.79%"
"Jul 17, 2018","9.50","9.35","9.58","9.21","1.20M","1.93%"
"Jul 16, 2018","9.32","9.21","9.38","9.03","2.05M","5.55%"
"Jul 13, 2018","8.83","8.78","8.96","8.61","626.74K","2.56%"
"Jul 12, 2018","8.61","8.74","8.90","8.41","782.14K","2.38%"
"Jul 11, 2018","8.41","9.14","9.14","8.32","1.05M","-7.89%"
"Jul 10, 2018","9.13","9.34","9.46","9.13","730.90K","-3.39%"
"Jul 09, 2018","9.45","9.65","9.70","9.32","955.97K","-1.05%"
"Jul 06, 2018","9.55","9.69","9.79","9.45","674.21K","-1.14%"
"Jul 05, 2018","9.66","9.66","9.78","9.62","817.53K","0.84%"
"Jul 04, 2018","9.58","9.39","9.60","9.33","1.23M","2.46%"
"Jul 03, 2018","9.35","9.40","9.55","9.29","1.53M","-0.11%"
"Jul 02, 2018","9.36","9.17","9.44","9.11","988.83K","2.18%"
"Jun 29, 2018","9.16","9.00","9.42","9.00","1.38M","2.12%"
"Jun 28, 2018","8.97","8.97","9.13","8.89","958.04K","0.22%"
"Jun 27, 2018","8.95","8.51","9.07","8.49","1.64M","5.17%"
"Jun 26, 2018","8.51","8.22","8.51","8.20","408.19K","3.53%"
"Jun 25, 2018","8.22","8.55","8.62","8.22","822.09K","-0.60%"
"Jun 22, 2018","8.27","8.47","8.52","8.18","782.85K","-1.66%"
"Jun 21, 2018","8.41","8.00","8.63","8.00","2.10M","5.52%"
"Jun 20, 2018","7.97","7.93","8.23","7.92","1.32M","0.63%"
"Jun 19, 2018","7.92","7.95","7.95","7.76","613.43K","-1.00%"
"Jun 18, 2018","8.00","7.93","8.21","7.91","511.24K","0.88%"
"Jun 14, 2018","7.93","7.99","8.03","7.80","325.47K","-0.88%"
"Jun 13, 2018","8.00","8.20","8.26","7.97","924.50K","-3.26%"
"Jun 12, 2018","8.27","8.60","8.67","8.27","614.58K","-4.50%"
"Jun 11, 2018","8.66","8.80","8.82","8.10","1.01M","-1.59%"
"Jun 08, 2018","8.80","9.04","9.24","8.75","1.01M","-2.98%"
"Jun 07, 2018","9.07","8.95","9.48","8.71","2.45M","1.34%"
"Jun 06, 2018","8.95","9.35","9.68","8.94","4.02M","0.79%"
"Jun 05, 2018","8.88","9.11","9.14","8.86","393.59K","-2.20%"
"Jun 04, 2018","9.08","9.08","9.25","9.03","569.95K","0.22%"
"Jun 01, 2018","9.06","9.13","9.18","8.82","612.67K","-0.77%"
"May 31, 2018","9.13","9.37","9.39","9.06","808.99K","-1.62%"
"May 30, 2018","9.28","9.68","9.71","9.24","1.04M","-4.03%"
"May 29, 2018","9.67","10.02","10.03","9.63","1.01M","-3.30%"
"May 28, 2018","10.00","9.53","10.31","9.30","4.57M","12.74%"
"May 25, 2018","8.87","8.76","8.94","8.76","641.90K","1.72%"
"May 24, 2018","8.72","9.50","9.55","8.72","793.39K","-7.33%"
"May 23, 2018","9.41","9.68","9.72","9.35","617.22K","-3.19%"
"May 22, 2018","9.72","9.78","9.86","9.61","600.42K","1.78%"
"May 21, 2018","9.55","9.64","9.70","9.53","382.46K","-0.21%"
"May 18, 2018","9.57","9.76","9.82","9.51","564.18K","-1.85%"
"May 17, 2018","9.75","9.84","9.89","9.65","572.57K","-0.51%"
"May 16, 2018","9.80","9.81","9.90","9.68","580.82K","0.00%"
"May 15, 2018","9.80","10.06","10.09","9.72","829.82K","-3.45%"
"May 14, 2018","10.15","10.40","10.77","10.10","1.51M","2.01%"
"May 11, 2018","9.95","10.20","10.33","9.90","611.92K","-2.36%"
"May 10, 2018","10.19","10.20","10.46","10.14","763.67K","0.00%"
"May 09, 2018","10.19","10.55","10.55","9.94","1.64M","-6.17%"
"May 08, 2018","10.86","11.27","11.38","10.84","507.76K","-3.64%"
"May 07, 2018","11.27","11.60","11.62","11.08","617.88K","-2.00%"
"May 04, 2018","11.50","11.41","11.69","11.28","298.78K","0.00%"
"May 03, 2018","11.50","11.52","11.67","11.38","426.09K","0.17%"
"May 02, 2018","11.48","11.82","11.87","11.32","531.33K","-2.30%"
"Apr 30, 2018","11.75","12.05","12.44","11.63","1.29M","-2.33%"
"Apr 27, 2018","12.03","11.81","12.14","11.79","1.33M","2.12%"
"Apr 26, 2018","11.78","11.90","12.00","11.75","376.96K","-1.01%"
"Apr 25, 2018","11.90","12.27","12.32","11.75","620.55K","-3.02%"
"Apr 24, 2018","12.27","12.48","12.53","12.25","382.17K","-1.68%"
"Apr 20, 2018","12.48","12.78","12.83","12.38","1.14M","-2.50%"
"Apr 19, 2018","12.80","12.93","13.14","12.77","923.30K","-0.93%"
"Apr 18, 2018","12.92","12.70","12.95","12.29","941.96K","2.13%"
"Apr 17, 2018","12.65","12.90","13.33","12.60","2.32M","-6.37%"
"Apr 16, 2018","13.51","13.50","13.65","13.42","448.44K","1.12%"
"Apr 13, 2018","13.36","13.57","13.62","13.30","325.61K","-1.04%"
"Apr 12, 2018","13.50","13.53","13.65","13.16","529.07K","-0.22%"
"Apr 11, 2018","13.53","13.85","14.18","13.02","1.18M","-2.52%"
"Apr 10, 2018","13.88","14.27","14.34","13.41","708.77K","-2.73%"
"Apr 09, 2018","14.27","14.80","14.88","14.15","928.66K","-2.93%"
"Apr 06, 2018","14.70","14.60","14.70","14.46","403.93K","0.68%"
"Apr 05, 2018","14.60","14.63","14.74","14.52","460.70K","0.00%"
"Apr 04, 2018","14.60","14.87","14.89","14.50","582.74K","-1.42%"
"Apr 03, 2018","14.81","14.75","14.86","14.70","505.29K","0.54%"
"Apr 02, 2018","14.73","14.66","14.88","14.65","535.01K","0.55%"
"Mar 30, 2018","14.65","14.78","14.83","14.59","355.52K","-0.34%"
"Mar 29, 2018","14.70","14.64","14.79","14.56","362.23K","0.68%"
"Mar 28, 2018","14.60","14.81","14.85","14.51","467.57K","-1.35%"
"Mar 27, 2018","14.80","15.20","15.27","14.75","797.19K","-1.73%"
"Mar 26, 2018","15.06","14.90","15.33","14.87","1.81M","1.89%"
"Mar 23, 2018","14.78","14.80","14.87","14.67","606.46K","-0.87%"
"Mar 22, 2018","14.91","15.03","15.07","14.84","499.65K","-0.33%"
"Mar 21, 2018","14.96","14.96","15.09","14.91","736.40K","0.27%"
"Mar 20, 2018","14.92","14.95","14.97","14.76","471.42K","0.27%"
"Mar 19, 2018","14.88","15.02","15.14","14.86","574.50K","-1.00%"
"Mar 16, 2018","15.03","15.10","15.21","14.95","859.83K","-0.07%"
"Mar 15, 2018","15.04","15.14","15.30","15.00","761.60K","-0.07%"
"Mar 14, 2018","15.05","15.29","15.33","15.03","1.14M","-1.63%"
"Mar 13, 2018","15.30","15.66","15.66","15.25","867.04K","-2.11%"
"Mar 12, 2018","15.63","15.72","15.80","15.48","1.79M","2.90%"
"Mar 09, 2018","15.19","15.70","15.89","15.02","1.36M","-3.00%"
"Mar 08, 2018","15.66","15.25","15.67","15.21","1.41M","2.69%"
"Mar 07, 2018","15.25","15.26","15.38","15.14","631.87K","-0.20%"
"Mar 06, 2018","15.28","15.52","15.80","15.20","1.13M","-1.16%"
"Mar 05, 2018","15.46","15.10","15.62","15.05","2.19M","2.86%"
"Mar 02, 2018","15.03","14.89","15.17","14.77","1.37M","0.80%"
"Mar 01, 2018","14.91","14.70","15.05","14.60","1.14M","1.43%"
"Feb 28, 2018","14.70","14.85","14.92","14.65","758.07K","-1.34%"
"Feb 27, 2018","14.90","15.05","15.07","14.75","785.63K","-0.67%"
"Feb 26, 2018","15.00","14.63","15.15","14.62","3.06M","3.02%"
"Feb 23, 2018","14.56","14.59","14.69","14.44","619.26K","0.28%"
"Feb 22, 2018","14.52","14.55","14.75","14.34","751.10K","0.07%"
"Feb 21, 2018","14.51","14.50","14.59","14.30","616.90K","3.57%"
"Feb 20, 2018","14.01","14.90","14.95","13.98","820.95K","-5.34%"
"Feb 19, 2018","14.80","14.46","15.16","14.30","2.73M","2.99%"
"Feb 16, 2018","14.37","14.16","14.56","14.13","1.25M","1.91%"
"Feb 15, 2018","14.10","14.20","14.20","13.99","570.37K","1.08%"
"Feb 14, 2018","13.95","14.03","14.18","13.88","457.17K","0.00%"
"Feb 13, 2018","13.95","14.30","14.39","13.87","452.62K","-1.76%"
"Feb 12, 2018","14.20","14.30","14.47","14.11","601.69K","2.38%"
"Feb 09, 2018","13.87","14.00","14.00","13.79","560.27K","-2.12%"
"Feb 08, 2018","14.17","14.65","14.68","14.14","578.28K","-3.14%"
"Feb 07, 2018","14.63","14.93","15.07","14.63","784.02K","-0.95%"
"Feb 06, 2018","14.77","14.80","14.87","14.60","618.40K","-2.51%"
"Feb 05, 2018","15.15","15.40","15.44","15.09","528.73K","-1.69%"
"Feb 02, 2018","15.41","15.76","15.90","15.33","599.68K","-1.85%"
"Feb 01, 2018","15.70","15.61","16.14","15.58","1.16M","0.77%"
"Jan 31, 2018","15.58","15.81","15.97","15.54","660.33K","-1.14%"
"Jan 30, 2018","15.76","15.86","15.90","15.72","477.49K","-0.88%"
"Jan 29, 2018","15.90","16.17","16.24","15.82","1.07M","-1.49%"
"Jan 26, 2018","16.14","16.06","16.25","16.04","980.64K","0.81%"
"Jan 25, 2018","16.01","16.18","16.46","16.00","3.76M","-0.87%"
"Jan 24, 2018","16.15","15.79","16.15","15.77","1.83M","2.54%"
"Jan 23, 2018","15.75","15.81","15.92","15.68","1.06M","-0.19%"
"Jan 22, 2018","15.78","15.43","15.83","15.43","1.38M","2.27%"
"Jan 19, 2018","15.43","15.45","15.69","15.35","1.09M","-0.19%"
"Jan 18, 2018","15.46","15.51","15.58","15.34","834.97K","0.45%"
"Jan 17, 2018","15.39","15.30","15.52","15.10","634.20K","0.59%"
"Jan 16, 2018","15.30","15.00","15.31","14.80","1.06M","1.66%"
"Jan 15, 2018","15.05","15.80","15.89","15.02","860.27K","-5.05%"
"Jan 12, 2018","15.85","15.81","16.04","15.76","1.12M","0.70%"
"Jan 11, 2018","15.74","15.75","15.85","15.65","831.24K","0.64%"
"Jan 10, 2018","15.64","16.16","16.16","15.60","1.07M","-3.34%"
"Jan 09, 2018","16.18","16.40","16.54","16.11","812.55K","-1.34%"
"Jan 08, 2018","16.40","16.48","16.68","16.34","1.84M","0.00%"
"Jan 05, 2018","16.40","16.20","16.48","16.00","3.31M","2.18%"
"Jan 04, 2018","16.05","15.71","16.16","15.70","2.59M","2.43%"
"Jan 03, 2018","15.67","15.96","16.11","15.65","1.33M","-1.63%"
"Jan 02, 2018","15.93","15.87","16.34","15.83","2.85M","0.57%"
"Dec 29, 2017","15.84","15.93","15.99","15.82","848.88K","-0.25%"
"Dec 28, 2017","15.88","15.74","16.05","15.70","2.12M","1.21%"
"Dec 27, 2017","15.69","15.77","15.83","15.64","1.01M","-0.44%"
"Dec 26, 2017","15.76","15.68","15.92","15.64","1.77M","0.90%"
"Dec 25, 2017","15.62","15.60","15.74","15.47","908.26K","0.71%"
"Dec 22, 2017","15.51","15.75","15.82","15.51","1.24M","-0.96%"
"Dec 21, 2017","15.66","15.45","15.91","15.34","3.06M","1.95%"
"Dec 20, 2017","15.36","15.81","15.85","15.30","1.66M","-2.60%"
"Dec 19, 2017","15.77","15.16","15.78","15.03","3.37M","4.23%"
"Dec 18, 2017","15.13","15.22","15.27","15.11","785.63K","-0.13%"
"Dec 15, 2017","15.15","15.29","15.39","15.14","1.10M","-0.66%"
"Dec 14, 2017","15.25","15.30","15.45","15.12","1.66M","0.53%"
"Dec 13, 2017","15.17","14.90","15.45","14.90","3.47M","2.09%"
"Dec 12, 2017","14.86","14.71","14.99","14.69","1.79M","0.75%"
"Dec 11, 2017","14.75","14.70","15.11","14.67","2.41M","0.96%"
"Dec 08, 2017","14.61","14.78","14.83","14.58","1.59M","-0.75%"
"Dec 07, 2017","14.72","14.63","14.85","14.57","989.17K","1.03%"
"Dec 06, 2017","14.57","14.55","15.16","14.45","2.66M","0.41%"
"Dec 05, 2017","14.51","14.54","14.71","14.38","1.17M","0.21%"
"Dec 04, 2017","14.48","14.35","14.65","14.35","786.50K","0.42%"
"Dec 01, 2017","14.42","14.41","14.75","14.28","1.78M","0.07%"
"Nov 30, 2017","14.41","14.47","14.84","14.35","1.29M","0.98%"
"Nov 29, 2017","14.27","15.59","15.67","14.24","4.07M","-8.05%"
"Nov 28, 2017","15.52","14.75","15.92","14.65","7.85M","6.59%"
"Nov 27, 2017","14.56","14.20","14.60","13.99","1.94M","3.26%"
"Nov 24, 2017","14.10","14.37","14.65","14.04","1.45M","-1.88%"
"Nov 23, 2017","14.37","14.70","15.23","14.29","2.81M","-0.62%"
"Nov 22, 2017","14.46","13.95","14.75","13.94","2.74M","1.19%"
"Nov 21, 2017","14.29","14.45","14.77","13.80","2.30M","-1.45%"
"Nov 20, 2017","14.50","15.80","16.38","14.40","3.02M","-8.23%"
"Nov 17, 2017","15.80","18.65","18.99","15.14","5.19M","-14.18%"
"Nov 16, 2017","18.41","17.49","18.55","17.42","4.40M","5.68%"
"Nov 15, 2017","17.42","16.58","18.10","16.50","4.22M","5.00%"
"Nov 14, 2017","16.59","16.44","16.75","16.22","865.71K","0.91%"
"Nov 13, 2017","16.44","16.68","16.87","16.16","644.57K","-0.66%"
"Nov 10, 2017","16.55","16.66","16.76","15.97","745.88K","-0.42%"
"Nov 09, 2017","16.62","17.10","17.13","16.53","593.94K","-2.00%"
"Nov 08, 2017","16.96","17.29","17.44","16.88","1.04M","-1.17%"
"Nov 07, 2017","17.16","17.00","17.58","16.90","2.28M","1.78%"
"Nov 06, 2017","16.86","16.36","16.86","16.36","979.43K","3.50%"
"Nov 03, 2017","16.29","16.60","16.85","16.27","1.11M","-1.45%"
"Nov 02, 2017","16.53","16.98","17.04","16.52","948.82K","-1.90%"
"Nov 01, 2017","16.85","16.83","17.13","16.74","1.62M","0.60%"
"Oct 31, 2017","16.75","16.43","17.03","16.38","2.60M","2.38%"
"Oct 30, 2017","16.36","16.50","16.63","16.33","988.74K","0.25%"
"Oct 27, 2017","16.32","16.40","16.82","16.26","2.21M","-1.09%"
"Oct 26, 2017","16.50","15.79","16.84","15.72","4.80M","4.43%"
"Oct 25, 2017","15.80","15.82","16.08","15.69","1.40M","0.38%"
"Oct 24, 2017","15.74","16.08","16.39","15.56","4.04M","-1.63%"
"Oct 23, 2017","16.00","15.90","16.30","15.80","5.87M","0.50%"
"Oct 20, 2017","15.92","15.27","15.94","15.27","6.20M","4.60%"
"Oct 19, 2017","15.22","15.30","15.64","15.01","4.20M","-0.52%"
"Oct 18, 2017","15.30","14.48","15.32","14.45","5.68M","6.32%"
"Oct 17, 2017","14.39","14.45","14.60","14.27","1.34M","0.21%"
"Oct 16, 2017","14.36","14.36","14.75","14.32","2.29M","0.42%"
"Oct 13, 2017","14.30","13.84","14.54","13.73","4.83M","4.23%"
"Oct 12, 2017","13.72","13.60","13.80","13.53","707.69K","1.55%"
"Oct 11, 2017","13.51","13.51","13.66","13.44","458.22K","0.22%"
"Oct 10, 2017","13.48","13.52","13.59","13.37","641.62K","1.20%"
"Oct 09, 2017","13.32","13.12","13.55","13.00","578.25K","-3.48%"
"Oct 06, 2017","13.80","13.74","14.05","13.73","1.23M","0.29%"
"Oct 05, 2017","13.76","13.83","13.90","13.71","389.17K","0.15%"
"Oct 04, 2017","13.74","13.81","13.88","13.71","634.22K","0.07%"
"Oct 03, 2017","13.73","13.85","14.15","13.72","1.36M","-0.36%"
"Oct 02, 2017","13.78","13.80","13.94","13.57","699.92K","-0.58%"
"Sep 29, 2017","13.86","14.17","14.22","13.81","1.17M","-1.77%"
"Sep 28, 2017","14.11","13.65","14.17","13.61","2.68M","3.83%"
"Sep 27, 2017","13.59","13.47","13.99","13.39","2.43M","0.89%"
"Sep 26, 2017","13.47","13.19","13.54","12.92","1.30M","4.34%"
"Sep 25, 2017","12.91","13.45","13.52","12.60","1.27M","-4.01%"
"Sep 22, 2017","13.45","12.37","13.84","12.35","3.28M","9.00%"
"Sep 21, 2017","12.34","12.32","12.43","12.17","234.87K","-0.16%"
"Sep 20, 2017","12.36","12.40","12.60","12.23","260.43K","-0.32%"
"Sep 19, 2017","12.40","12.74","12.75","12.30","412.88K","-3.05%"
"Sep 18, 2017","12.79","13.30","13.30","12.79","497.87K","-3.11%"
"Sep 15, 2017","13.20","13.37","13.38","13.16","743.93K","-1.35%"
"Sep 14, 2017","13.38","13.61","13.64","13.27","765.03K","-1.55%"
"Sep 13, 2017","13.59","13.84","13.93","13.55","1.27M","-1.52%"
"Sep 12, 2017","13.80","13.95","14.08","13.75","1.63M","-0.36%"
"Sep 11, 2017","13.85","13.46","13.95","13.46","2.64M","3.44%"
"Sep 08, 2017","13.39","13.43","13.62","13.37","1.24M","0.45%"
"Sep 07, 2017","13.33","13.29","13.47","13.25","1.20M","0.45%"
"Sep 06, 2017","13.27","13.24","13.47","13.19","730.14K","0.30%"
"Sep 05, 2017","13.23","13.35","13.51","13.19","587.77K","-0.53%"
"Aug 31, 2017","13.30","13.44","13.44","13.30","334.83K","-0.75%"
"Aug 29, 2017","13.40","13.50","13.60","13.35","694.79K","-0.89%"
"Aug 28, 2017","13.52","13.42","13.73","13.37","1.58M","1.12%"
"Aug 25, 2017","13.37","13.18","13.63","13.10","2.92M","1.75%"
"Aug 24, 2017","13.14","13.19","13.31","13.10","599.83K","0.08%"
"Aug 23, 2017","13.13","13.17","13.36","13.07","1.02M","0.08%"
"Aug 22, 2017","13.12","13.39","13.41","13.08","584.23K","-1.65%"
"Aug 21, 2017","13.34","13.27","13.44","13.27","790.04K","0.53%"
"Aug 18, 2017","13.27","13.04","13.48","13.03","1.53M","1.76%"
"Aug 17, 2017","13.04","13.18","13.29","12.99","843.91K","-0.61%"
"Aug 16, 2017","13.12","13.39","13.60","12.84","1.18M","-1.65%"
"Aug 15, 2017","13.34","13.86","14.03","13.29","1.46M","-3.54%"
"Aug 14, 2017","13.83","13.76","13.95","13.76","678.49K","1.39%"
"Aug 11, 2017","13.64","13.83","13.85","13.56","732.39K","-1.52%"
"Aug 10, 2017","13.85","14.00","14.09","13.82","1.03M","-0.43%"
"Aug 09, 2017","13.91","13.98","14.09","13.89","919.66K","-1.07%"
"Aug 08, 2017","14.06","14.12","14.27","14.01","1.31M","0.29%"
"Aug 07, 2017","14.02","13.80","14.13","13.79","1.52M","1.89%"
"Aug 04, 2017","13.76","13.98","13.99","13.75","942.72K","-1.36%"
"Aug 03, 2017","13.95","14.15","14.16","13.93","1.36M","-0.64%"
"Aug 02, 2017","14.04","13.81","14.26","13.80","4.04M","2.18%"
"Aug 01, 2017","13.74","14.16","14.41","13.71","2.03M","-2.21%"
"Jul 31, 2017","14.05","14.76","14.79","14.02","2.32M","-4.81%"
"Jul 28, 2017","14.76","15.06","15.27","14.69","2.18M","-1.27%"
"Jul 27, 2017","14.95","15.37","15.42","14.81","2.98M","-1.77%"
"Jul 26, 2017","15.22","14.80","15.41","14.77","4.45M","3.12%"
"Jul 25, 2017","14.76","14.32","14.91","14.27","5.72M","3.94%"
"Jul 24, 2017","14.20","14.10","14.44","14.10","2.55M","1.00%"
"Jul 21, 2017","14.06","13.80","14.15","13.50","2.51M","2.25%"
"Jul 20, 2017","13.75","14.20","14.34","13.73","2.18M","-2.76%"
"Jul 19, 2017","14.14","13.87","14.37","13.87","3.77M","2.39%"
"Jul 18, 2017","13.81","13.37","14.05","13.32","6.05M","3.45%"
"Jul 17, 2017","13.35","13.37","13.39","13.30","551.14K","0.38%"
"Jul 14, 2017","13.30","13.31","13.42","13.27","804.15K","0.30%"
"Jul 13, 2017","13.26","13.46","13.47","13.24","1.00M","-1.19%"
"Jul 12, 2017","13.42","13.49","13.66","13.40","1.85M","-0.07%"
"Jul 11, 2017","13.43","13.32","13.60","13.30","2.43M","0.98%"
"Jul 10, 2017","13.30","13.26","13.34","13.15","1.14M","1.37%"
"Jul 07, 2017","13.12","12.93","13.42","12.84","3.90M","1.78%"
"Jul 06, 2017","12.89","13.03","13.21","12.86","1.42M","-0.92%"
"Jul 05, 2017","13.01","13.25","13.28","13.01","1.11M","-1.51%"
"Jul 04, 2017","13.21","13.36","13.40","13.18","1.10M","-0.90%"
"Jul 03, 2017","13.33","13.45","13.52","13.33","1.25M","-0.22%"
"Jun 30, 2017","13.36","13.36","13.56","13.32","2.15M","0.00%"
"Jun 29, 2017","13.36","13.40","13.70","13.31","3.51M","0.45%"
"Jun 28, 2017","13.30","13.21","13.43","13.16","2.25M","0.76%"
"Jun 23, 2017","13.20","13.32","13.44","13.17","1.84M","-0.68%"
"Jun 22, 2017","13.29","13.12","13.79","13.08","9.21M","1.76%"
"Jun 21, 2017","13.06","13.44","13.48","13.06","2.41M","-2.17%"
"Jun 20, 2017","13.35","13.58","13.82","13.15","3.33M","-1.04%"
"Jun 19, 2017","13.49","13.90","14.04","13.45","2.35M","-1.68%"
"Jun 16, 2017","13.72","14.08","14.28","13.55","2.96M","-1.65%"
"Jun 15, 2017","13.95","14.32","14.91","13.71","5.17M","-2.24%"
"Jun 14, 2017","14.27","14.69","15.66","14.01","9.96M","-2.73%"
"Jun 13, 2017","14.67","13.71","14.94","13.67","10.13M","7.95%"
"Jun 12, 2017","13.59","13.82","13.90","13.55","2.26M","-1.31%"
"Jun 09, 2017","13.77","13.13","13.99","13.07","9.59M","5.92%"
"Jun 08, 2017","13.00","12.60","13.21","12.60","5.37M","3.50%"
"Jun 07, 2017","12.56","12.98","13.04","12.52","1.77M","-2.48%"
"Jun 06, 2017","12.88","12.60","12.94","12.53","3.74M","2.47%"
"Jun 05, 2017","12.57","13.01","13.25","12.57","3.00M","-2.78%"
"Jun 02, 2017","12.93","12.80","13.31","12.72","7.18M","2.95%"
"Jun 01, 2017","12.56","13.32","13.98","12.46","11.47M","-5.06%"
"May 31, 2017","13.23","11.64","13.40","11.61","21.87M","13.95%"
"May 30, 2017","11.61","11.59","11.71","11.37","3.52M","0.61%"
"May 29, 2017","11.54","11.76","11.92","11.54","5.18M","-1.54%"
"May 26, 2017","11.72","11.35","11.74","11.29","6.09M","3.63%"
"May 25, 2017","11.31","11.05","11.47","10.98","5.12M","2.82%"
"May 24, 2017","11.00","10.79","11.07","10.79","3.04M","2.04%"
"May 23, 2017","10.78","10.74","10.88","10.73","1.68M","0.56%"
"May 22, 2017","10.72","10.71","10.78","10.70","506.19K","0.94%"
"May 18, 2017","10.62","10.72","10.77","10.59","645.96K","-0.75%"
"May 17, 2017","10.70","10.79","10.85","10.69","894.47K","-0.93%"
"May 16, 2017","10.80","10.80","10.87","10.77","827.25K","0.37%"
"May 15, 2017","10.76","10.86","10.90","10.74","1.83M","-0.74%"
"May 12, 2017","10.84","10.66","10.84","10.64","1.63M","1.98%"
"May 11, 2017","10.63","10.76","10.87","10.63","1.45M","-1.02%"
"May 10, 2017","10.74","10.76","10.84","10.69","929.28K","-0.46%"
"May 09, 2017","10.79","10.97","11.00","10.78","1.60M","-1.46%"
"May 08, 2017","10.95","10.69","10.96","10.68","3.37M","3.30%"
"May 05, 2017","10.60","10.62","10.70","10.57","571.81K","-0.09%"
"May 04, 2017","10.61","10.75","10.77","10.61","615.38K","-0.84%"
"May 03, 2017","10.70","10.84","10.92","10.68","1.15M","-1.02%"
"May 02, 2017","10.81","10.66","10.98","10.66","2.31M","1.69%"
"Apr 28, 2017","10.63","10.68","10.73","10.60","561.17K","-0.47%"
"Apr 27, 2017","10.68","10.80","10.85","10.68","725.86K","-0.84%"
"Apr 26, 2017","10.77","10.82","10.92","10.71","2.09M","-0.28%"
"Apr 25, 2017","10.80","10.65","10.87","10.60","4.73M","2.18%"
"Apr 24, 2017","10.57","10.60","10.63","10.53","912.00K","0.28%"
"Apr 21, 2017","10.54","10.61","10.70","10.52","1.07M","-0.28%"
"Apr 20, 2017","10.57","10.51","10.72","10.51","1.64M","0.86%"
"Apr 19, 2017","10.48","10.58","10.62","10.42","1.00M","-0.76%"
"Apr 18, 2017","10.56","10.39","10.63","10.39","1.16M","1.44%"
"Apr 17, 2017","10.41","10.40","10.49","10.34","521.73K","1.36%"
"Apr 14, 2017","10.27","10.27","10.37","10.27","413.06K","0.00%"
"Apr 13, 2017","10.27","10.50","10.55","10.27","624.78K","-2.00%"
"Apr 12, 2017","10.48","10.52","10.62","10.47","872.53K","-0.38%"
"Apr 11, 2017","10.52","10.53","10.70","10.51","1.62M","0.19%"
"Apr 10, 2017","10.50","10.45","10.65","10.38","1.62M","1.25%"
"Apr 07, 2017","10.37","10.60","10.66","10.37","1.41M","-2.08%"
"Apr 06, 2017","10.59","10.33","11.13","10.33","14.90M","2.42%"
"Apr 05, 2017","10.34","10.25","10.38","10.23","1.69M","1.08%"
"Apr 04, 2017","10.23","10.23","10.30","10.19","509.76K","0.29%"
"Apr 03, 2017","10.20","10.19","10.33","10.12","838.33K","0.39%"
"Mar 31, 2017","10.16","10.18","10.28","10.16","615.02K","-0.10%"
"Mar 30, 2017","10.17","10.30","10.33","10.16","638.19K","-0.68%"
"Mar 29, 2017","10.24","10.26","10.45","10.23","1.43M","-0.78%"
"Mar 28, 2017","10.32","10.28","10.55","10.26","1.44M","0.88%"
"Mar 27, 2017","10.23","10.30","10.38","10.21","449.70K","-0.49%"
"Mar 24, 2017","10.28","10.42","10.46","10.28","731.95K","-1.34%"
"Mar 23, 2017","10.42","10.44","10.63","10.39","1.65M","0.48%"
"Mar 22, 2017","10.37","10.69","10.69","10.37","1.29M","-2.99%"
"Mar 21, 2017","10.69","10.83","11.12","10.63","3.19M","-0.74%"
"Mar 20, 2017","10.77","11.14","11.38","10.69","6.30M","-3.41%"
"Mar 17, 2017","11.15","10.12","11.41","10.08","19.82M","10.62%"
"Mar 16, 2017","10.08","10.03","10.19","9.98","1.23M","1.10%"
"Mar 15, 2017","9.97","10.08","10.10","9.96","227.65K","-0.60%"
"Mar 14, 2017","10.03","9.86","10.13","9.84","540.28K","1.83%"
"Mar 13, 2017","9.85","9.93","9.95","9.82","300.35K","-0.81%"
"Mar 10, 2017","9.93","10.00","10.07","9.90","362.93K","-0.60%"
"Mar 09, 2017","9.99","10.04","10.07","9.98","286.46K","-0.50%"
"Mar 08, 2017","10.04","10.17","10.23","10.04","376.22K","-1.28%"
"Mar 07, 2017","10.17","10.21","10.22","10.16","216.49K","-0.10%"
"Mar 06, 2017","10.18","10.21","10.25","10.15","494.69K","-0.29%"
"Mar 03, 2017","10.21","10.35","10.39","10.17","634.11K","-1.16%"
"Mar 02, 2017","10.33","10.42","10.59","10.30","1.19M","-0.39%"
"Mar 01, 2017","10.37","10.29","10.41","10.22","770.03K","1.17%"
"Feb 28, 2017","10.25","10.30","10.37","10.17","1.18M","0.79%"
"Feb 27, 2017","10.17","10.18","10.32","10.17","524.40K","-0.10%"
"Feb 24, 2017","10.18","10.30","10.33","10.18","444.65K","-1.17%"
"Feb 23, 2017","10.30","10.57","10.64","10.30","1.55M","-2.18%"
"Feb 22, 2017","10.53","10.55","10.71","10.51","1.29M","-0.09%"
"Feb 21, 2017","10.54","10.54","10.64","10.52","468.79K","0.19%"
"Feb 20, 2017","10.52","10.70","10.72","10.52","427.04K","-1.22%"
"Feb 17, 2017","10.65","10.65","10.75","10.60","802.97K","0.19%"
"Feb 16, 2017","10.63","10.65","10.74","10.61","723.84K","-0.19%"
"Feb 15, 2017","10.65","10.70","10.82","10.59","1.41M","-0.47%"
"Feb 14, 2017","10.70","10.44","10.71","10.27","3.28M","2.39%"
"Feb 13, 2017","10.45","10.17","10.48","10.15","1.91M","2.96%"
"Feb 10, 2017","10.15","10.40","10.40","10.15","981.27K","-1.84%"
"Feb 09, 2017","10.34","10.17","10.45","10.17","2.98M","1.87%"
"Feb 08, 2017","10.15","10.15","10.18","10.11","401.71K","0.20%"
"Feb 07, 2017","10.13","10.24","10.27","10.13","713.38K","-0.69%"
"Feb 06, 2017","10.20","10.15","10.29","10.14","1.76M","0.89%"
"Feb 03, 2017","10.11","10.08","10.15","10.08","665.31K","0.30%"
"Feb 02, 2017","10.08","10.11","10.15","10.06","648.99K","0.00%"
"Feb 01, 2017","10.08","10.09","10.16","10.05","774.83K","0.20%"
"Jan 31, 2017","10.06","10.08","10.19","10.06","839.30K","0.00%"
"Jan 30, 2017","10.06","9.92","10.13","9.92","644.50K","1.21%"
"Jan 27, 2017","9.94","10.03","10.06","9.94","381.71K","-1.00%"
"Jan 26, 2017","10.04","10.10","10.15","10.04","311.85K","-0.30%"
"Jan 25, 2017","10.07","10.07","10.17","10.04","472.67K","0.10%"
"Jan 24, 2017","10.06","10.08","10.09","10.01","360.12K","-0.10%"
"Jan 23, 2017","10.07","10.10","10.22","10.06","540.25K","0.10%"
"Jan 20, 2017","10.06","10.02","10.12","9.97","639.18K","0.60%"
"Jan 19, 2017","10.00","10.18","10.25","9.99","852.42K","-1.48%"
"Jan 18, 2017","10.15","10.30","10.32","10.15","795.08K","-1.26%"
"Jan 17, 2017","10.28","10.41","10.57","10.28","2.63M","0.29%"
"Jan 16, 2017","10.25","10.06","10.35","10.03","1.84M","2.40%"
"Jan 13, 2017","10.01","9.98","10.11","9.98","931.79K","0.40%"
"Jan 12, 2017","9.97","9.88","10.06","9.88","1.27M","1.01%"
"Jan 11, 2017","9.87","9.84","9.94","9.74","685.77K","0.20%"
"Jan 10, 2017","9.85","9.84","9.94","9.83","797.37K","0.00%"
"Jan 09, 2017","9.85","9.85","9.93","9.82","442.09K","0.00%"
"Jan 06, 2017","9.85","9.86","9.94","9.82","539.52K","0.00%"
"Jan 05, 2017","9.85","9.90","9.94","9.83","375.93K","-0.10%"
"Jan 04, 2017","9.86","10.00","10.04","9.78","483.58K","-1.20%"
"Jan 03, 2017","9.98","10.11","10.16","9.98","958.97K","-0.99%"
"Jan 02, 2017","10.08","9.99","10.11","9.98","571.16K","0.90%"
"Dec 30, 2016","9.99","9.79","10.20","9.79","3.51M","2.15%"
"Dec 29, 2016","9.78","9.77","9.80","9.76","268.22K","0.41%"
"Dec 28, 2016","9.74","9.72","9.79","9.72","375.09K","0.21%"
"Dec 27, 2016","9.72","9.73","9.85","9.72","879.11K","0.00%"
"Dec 26, 2016","9.72","9.78","9.85","9.72","500.89K","-0.51%"
"Dec 23, 2016","9.77","9.93","9.96","9.70","618.11K","-1.51%"
"Dec 22, 2016","9.92","10.01","10.05","9.92","752.00K","-0.70%"
"Dec 21, 2016","9.99","10.01","10.08","9.98","964.52K","0.10%"
"Dec 20, 2016","9.98","9.95","10.03","9.95","591.29K","0.10%"
"Dec 19, 2016","9.97","10.03","10.08","9.95","487.90K","-0.30%"
"Dec 16, 2016","10.00","10.02","10.10","9.98","911.15K","0.20%"
"Dec 15, 2016","9.98","9.94","10.07","9.92","812.92K","-0.10%"
"Dec 14, 2016","9.99","10.05","10.16","9.99","1.58M","-0.50%"
"Dec 13, 2016","10.04","10.09","10.13","10.03","746.72K","-0.20%"
"Dec 12, 2016","10.06","10.05","10.17","10.03","876.52K","0.10%"
"Dec 09, 2016","10.05","10.04","10.22","10.04","1.11M","0.30%"
"Dec 08, 2016","10.02","10.35","10.35","10.00","1.91M","-3.38%"
"Dec 07, 2016","10.37","10.18","10.39","9.88","2.92M","2.27%"
"Dec 06, 2016","10.14","10.90","11.05","10.14","8.68M","-2.69%"
"Dec 05, 2016","10.42","10.24","10.52","10.21","2.57M","1.36%"
"Dec 02, 2016","10.28","10.20","10.32","10.09","3.02M","0.98%"
"Dec 01, 2016","10.18","10.00","10.23","9.92","3.02M","2.41%"
"Nov 30, 2016","9.94","10.13","10.15","9.89","1.84M","-1.09%"
"Nov 29, 2016","10.05","10.14","10.24","10.05","2.15M","-1.08%"
"Nov 28, 2016","10.16","10.53","10.59","10.14","3.20M","-2.87%"
"Nov 25, 2016","10.46","10.37","10.60","10.24","4.69M","0.67%"
"Nov 24, 2016","10.39","10.00","10.47","9.92","5.38M","3.90%"
"Nov 23, 2016","10.00","10.16","10.34","9.98","4.44M","-1.48%"
"Nov 22, 2016","10.15","10.26","10.30","10.12","2.43M","-0.78%"
"Nov 21, 2016","10.23","9.97","10.46","9.94","6.25M","3.33%"
"Nov 18, 2016","9.90","9.79","9.99","9.77","2.41M","1.33%"
"Nov 17, 2016","9.77","9.70","9.79","9.63","1.60M","1.03%"
"Nov 16, 2016","9.67","9.60","9.77","9.51","654.49K","1.15%"
"Nov 15, 2016","9.56","9.52","9.68","9.49","462.18K","0.84%"
"Nov 14, 2016","9.48","9.65","9.70","9.42","555.49K","-1.66%"
"Nov 11, 2016","9.64","9.76","9.85","9.64","643.33K","-1.23%"
"Nov 10, 2016","9.76","9.55","9.96","9.50","1.98M","1.46%"
"Nov 09, 2016","9.62","9.38","9.65","9.29","668.98K","0.10%"
"Nov 08, 2016","9.61","9.62","9.73","9.55","957.63K","-0.41%"
"Nov 07, 2016","9.65","9.26","9.72","9.26","1.43M","5.35%"
"Nov 04, 2016","9.16","9.34","9.41","9.14","669.19K","-3.27%"
"Nov 03, 2016","9.47","9.58","9.77","9.40","712.80K","-1.04%"
"Nov 02, 2016","9.57","9.43","9.66","9.43","690.97K","1.59%"
"Nov 01, 2016","9.42","10.00","10.04","9.00","940.31K","-5.42%"
"Oct 31, 2016","9.96","10.24","10.26","9.94","1.15M","-1.97%"
"Oct 28, 2016","10.16","10.24","10.37","10.16","1.40M","-1.07%"
"Oct 27, 2016","10.27","10.26","10.45","10.10","2.71M","-0.10%"
"Oct 26, 2016","10.28","9.95","10.46","9.91","6.44M","3.73%"
"Oct 25, 2016","9.91","10.04","10.10","9.91","1.24M","-0.90%"
"Oct 24, 2016","10.00","9.97","10.05","9.94","1.02M","0.70%"
"Oct 21, 2016","9.93","9.98","10.07","9.91","890.08K","-0.30%"
"Oct 20, 2016","9.96","10.00","10.15","9.93","1.49M","-0.10%"
"Oct 19, 2016","9.97","10.13","10.16","9.97","1.37M","-1.09%"
"Oct 18, 2016","10.08","9.90","10.13","9.86","3.27M","2.44%"
"Oct 17, 2016","9.84","9.89","10.01","9.82","877.76K","0.31%"
"Oct 14, 2016","9.81","9.55","10.16","9.55","3.72M","2.94%"
"Oct 13, 2016","9.53","9.55","9.69","9.47","1.01M","-0.10%"
"Oct 12, 2016","9.54","9.61","9.77","9.52","1.03M","-0.21%"
"Oct 11, 2016","9.56","9.72","9.73","9.52","588.48K","-1.65%"
"Oct 10, 2016","9.72","9.85","9.90","9.69","1.16M","-0.61%"
"Oct 07, 2016","9.78","9.90","9.96","9.72","870.27K","-1.01%"
"Oct 06, 2016","9.88","10.06","10.15","9.81","1.13M","-1.20%"
"Oct 05, 2016","10.00","10.14","10.39","9.99","2.77M","-1.38%"
"Oct 04, 2016","10.14","10.03","10.61","9.97","5.21M","1.50%"
"Oct 03, 2016","9.99","9.99","10.18","9.96","3.07M","0.60%"
"Sep 30, 2016","9.93","9.86","10.20","9.86","3.33M","0.30%"
"Sep 29, 2016","9.90","9.88","10.16","9.77","3.70M","1.12%"
"Sep 28, 2016","9.79","9.87","10.13","9.73","2.97M","0.41%"
"Sep 27, 2016","9.75","10.14","10.36","9.72","4.10M","-2.79%"
"Sep 26, 2016","10.03","8.80","10.35","8.75","7.11M","8.32%"
"Sep 23, 2016","9.26","9.12","9.33","9.12","1.38M","1.76%"
"Sep 22, 2016","9.10","9.08","9.15","8.97","1.28M","1.11%"
"Sep 21, 2016","9.00","8.76","9.13","8.74","3.46M","3.45%"
"Sep 20, 2016","8.70","8.67","8.75","8.65","744.50K","0.58%"
"Sep 19, 2016","8.65","8.58","8.72","8.51","1.14M","1.53%"
"Sep 16, 2016","8.52","8.49","8.59","8.45","934.80K","1.19%"
"Sep 09, 2016","8.42","8.42","8.46","8.38","280.83K","-0.36%"
"Sep 08, 2016","8.45","8.48","8.61","8.44","536.73K","-0.12%"
"Sep 07, 2016","8.46","8.67","8.69","8.44","411.74K","-2.08%"
"Sep 06, 2016","8.64","8.76","8.95","8.59","2.55M","-0.69%"
"Sep 05, 2016","8.70","8.34","8.73","8.33","1.11M","4.95%"
"Sep 02, 2016","8.29","8.26","8.43","8.22","762.03K","0.61%"
"Sep 01, 2016","8.24","8.40","8.48","8.23","405.09K","-1.55%"
"Aug 31, 2016","8.37","8.54","8.59","8.37","473.96K","-1.53%"
"Aug 29, 2016","8.50","8.57","8.66","8.50","431.06K","-0.70%"
"Aug 26, 2016","8.56","8.44","8.77","8.42","839.76K","1.06%"
"Aug 25, 2016","8.47","8.43","8.61","8.43","370.26K","0.47%"
"Aug 24, 2016","8.43","8.50","8.55","8.26","516.66K","-2.54%"
"Aug 23, 2016","8.65","8.79","8.88","8.65","781.46K","-1.14%"
"Aug 22, 2016","8.75","8.63","8.78","8.60","688.73K","1.39%"
"Aug 19, 2016","8.63","8.56","8.80","8.54","1.21M","0.94%"
"Aug 18, 2016","8.55","8.62","8.74","8.51","425.80K","0.00%"
"Aug 17, 2016","8.55","8.64","8.70","8.50","286.86K","-0.58%"
"Aug 16, 2016","8.60","8.78","8.81","8.60","605.57K","-1.60%"
"Aug 15, 2016","8.74","8.70","8.86","8.69","977.64K","0.92%"
"Aug 12, 2016","8.66","8.80","8.86","8.63","492.75K","-0.69%"
"Aug 11, 2016","8.72","8.79","8.89","8.62","912.67K","-0.80%"
"Aug 10, 2016","8.79","8.48","8.88","8.43","2.08M","4.64%"
"Aug 09, 2016","8.40","8.35","8.57","8.26","1.13M","1.45%"
"Aug 08, 2016","8.28","8.29","8.40","8.23","656.64K","1.85%"
"Aug 05, 2016","8.13","8.35","8.37","8.08","413.68K","-1.93%"
"Aug 04, 2016","8.29","8.12","8.36","8.06","458.38K","2.85%"
"Aug 03, 2016","8.06","8.30","8.37","7.50","317.56K","-3.12%"
"Aug 02, 2016","8.32","8.39","8.47","8.32","357.16K","-0.83%"
"Aug 01, 2016","8.39","8.44","8.52","8.37","389.81K","0.60%"
"Jul 29, 2016","8.34","8.37","8.43","8.23","536.04K","0.24%"
"Jul 28, 2016","8.32","8.29","8.46","8.27","543.21K","0.73%"
"Jul 27, 2016","8.26","8.35","8.35","8.22","450.70K","0.00%"
"Jul 26, 2016","8.26","8.15","8.35","8.00","1.38M","3.25%"
"Jul 25, 2016","8.00","7.67","8.11","7.62","719.27K","6.52%"
"Jul 22, 2016","7.51","7.46","7.65","7.34","589.10K","1.49%"
"Jul 21, 2016","7.40","7.84","7.84","7.34","441.17K","-5.85%"
"Jul 20, 2016","7.86","8.18","8.24","7.85","538.19K","-4.50%"
"Jul 19, 2016","8.23","8.28","8.52","8.09","581.79K","-0.60%"
"Jul 18, 2016","8.28","9.06","9.17","7.77","1.89M","-12.10%"
"Jul 15, 2016","9.42","9.20","9.43","9.19","1.35M","2.73%"
"Jul 14, 2016","9.17","9.16","9.29","9.09","702.80K","0.77%"
"Jul 13, 2016","9.10","9.18","9.23","9.10","1.57M","-0.55%"
"Jul 12, 2016","9.15","9.42","9.53","9.13","3.71M","2.46%"
"Jul 11, 2016","8.93","8.93","8.99","8.86","614.10K","0.22%"
"Jul 08, 2016","8.91","8.59","8.91","8.59","689.23K","2.89%"
"Jul 04, 2016","8.66","8.61","8.72","8.59","247.78K","0.81%"
"Jul 01, 2016","8.59","8.54","8.60","8.50","186.47K","0.94%"
"Jun 30, 2016","8.51","8.54","8.65","8.50","327.80K","-0.35%"
"Jun 29, 2016","8.54","8.59","8.67","8.52","606.95K","-0.70%"
"Jun 28, 2016","8.60","8.68","8.70","8.58","442.72K","0.23%"
"Jun 27, 2016","8.58","8.97","9.08","8.50","1.27M","-3.05%"
"Jun 24, 2016","8.85","8.35","8.85","8.34","1.16M","0.00%"
"Jun 23, 2016","8.85","8.64","9.15","8.64","2.46M","3.03%"
"Jun 22, 2016","8.59","8.38","8.62","8.35","1.04M","2.87%"
"Jun 21, 2016","8.35","8.30","8.50","8.30","576.50K","0.85%"
"Jun 20, 2016","8.28","8.34","8.38","8.21","332.31K","0.98%"
"Jun 17, 2016","8.20","8.30","8.42","8.16","440.13K","-0.49%"
"Jun 16, 2016","8.24","8.50","8.52","8.24","211.93K","-2.72%"
"Jun 15, 2016","8.47","8.62","8.65","8.45","211.05K","-0.94%"
"Jun 14, 2016","8.55","8.40","8.73","8.40","592.37K","1.79%"
"Jun 13, 2016","8.40","8.62","8.62","8.36","311.28K","-2.55%"
"Jun 10, 2016","8.62","8.97","8.98","8.60","533.49K","-3.79%"
"Jun 09, 2016","8.96","8.94","9.05","8.89","389.26K","0.45%"
"Jun 08, 2016","8.92","8.89","9.04","8.85","505.96K","1.13%"
"Jun 07, 2016","8.82","9.13","9.15","8.82","1.21M","-3.29%"
"Jun 06, 2016","9.12","9.36","9.40","9.04","1.24M","-1.41%"
"Jun 03, 2016","9.25","8.89","9.48","8.79","2.26M","4.64%"
"Jun 02, 2016","8.84","10.20","10.20","8.75","6.25M","-12.99%"
"Jun 01, 2016","10.16","10.36","10.37","10.04","790.18K","-1.55%"
"May 31, 2016","10.32","10.48","10.54","10.30","676.93K","-1.43%"
"May 30, 2016","10.47","10.25","10.49","10.23","779.30K","2.15%"
"May 27, 2016","10.25","10.32","10.37","10.20","359.80K","-0.29%"
"May 26, 2016","10.28","10.28","10.40","10.26","356.25K","-0.19%"
"May 25, 2016","10.30","10.38","10.52","10.30","513.47K","-0.96%"
"May 24, 2016","10.40","10.18","10.45","10.10","523.22K","1.96%"
"May 23, 2016","10.20","10.33","10.36","10.20","274.06K","-1.07%"
"May 20, 2016","10.31","10.42","10.59","10.27","643.54K","-0.77%"
"May 18, 2016","10.39","10.15","10.50","10.14","1.13M","1.56%"
"May 17, 2016","10.23","10.00","10.23","9.94","577.98K","4.18%"
"May 16, 2016","9.82","9.97","10.04","9.82","236.56K","-1.50%"
"May 13, 2016","9.97","10.00","10.09","9.94","325.08K","-0.70%"
"May 12, 2016","10.04","10.20","10.23","10.03","403.80K","-1.47%"
"May 11, 2016","10.19","10.35","10.35","10.13","611.26K","-2.67%"
"May 10, 2016","10.47","10.35","10.68","10.35","775.44K","0.77%"
"May 09, 2016","10.39","10.25","10.39","10.24","508.11K","2.16%"
"May 06, 2016","10.17","10.10","10.26","10.06","500.05K","0.20%"
"May 05, 2016","10.15","9.80","10.30","9.80","468.42K","-0.10%"
"May 04, 2016","10.16","10.20","10.29","10.08","363.14K","-0.29%"
"May 03, 2016","10.19","10.44","10.50","10.00","654.21K","-1.92%"
"May 02, 2016","10.39","10.63","10.66","10.36","388.23K","-2.07%"
"Apr 29, 2016","10.61","10.79","10.83","10.59","563.85K","-1.67%"
"Apr 28, 2016","10.79","10.98","11.03","10.77","781.20K","-1.46%"
"Apr 27, 2016","10.95","10.87","11.09","10.87","1.45M","1.01%"
"Apr 26, 2016","10.84","10.78","10.89","10.78","753.16K","0.84%"
"Apr 25, 2016","10.75","10.93","10.97","10.75","765.19K","-1.65%"
"Apr 22, 2016","10.93","11.07","11.07","10.84","714.79K","-1.09%"
"Apr 21, 2016","11.05","11.35","11.37","10.94","1.02M","-1.95%"
"Apr 20, 2016","11.27","11.69","11.70","11.21","1.16M","-3.51%"
"Apr 19, 2016","11.68","11.68","11.78","11.64","1.15M","0.43%"
"Apr 18, 2016","11.63","11.59","11.73","11.55","932.36K","0.26%"
"Apr 15, 2016","11.60","11.76","11.80","11.58","891.83K","-1.19%"
"Apr 14, 2016","11.74","11.74","11.85","11.74","1.09M","0.26%"
"Apr 13, 2016","11.71","11.71","11.79","11.69","1.50M","0.43%"
"Apr 12, 2016","11.66","11.68","11.79","11.64","1.55M","0.17%"
"Apr 11, 2016","11.64","11.64","11.69","11.52","1.24M","0.00%"
"Apr 08, 2016","11.64","11.83","11.84","11.59","1.24M","-1.52%"
"Apr 07, 2016","11.82","11.92","11.98","11.82","1.40M","-0.17%"
"Apr 06, 2016","11.84","11.86","11.95","11.76","1.52M","0.42%"
"Apr 05, 2016","11.79","11.78","11.94","11.71","1.55M","0.08%"
"Apr 04, 2016","11.78","11.69","11.85","11.66","1.09M","1.46%"
"Apr 01, 2016","11.61","11.78","11.85","11.56","1.47M","-1.36%"
"Mar 31, 2016","11.77","11.60","11.95","11.60","4.70M","1.64%"
"Mar 30, 2016","11.58","11.40","11.71","11.39","3.15M","2.30%"
"Mar 29, 2016","11.32","11.45","11.49","11.31","972.98K","-0.61%"
"Mar 28, 2016","11.39","11.27","11.47","11.27","1.15M","1.24%"
"Mar 25, 2016","11.25","11.11","11.28","11.10","1.24M","1.53%"
"Mar 24, 2016","11.08","11.17","11.20","11.02","1.91M","-1.07%"
"Mar 23, 2016","11.20","11.23","11.42","11.11","2.71M","-0.36%"
"Mar 22, 2016","11.24","11.58","11.58","11.20","2.13M","-2.68%"
"Mar 21, 2016","11.55","11.20","11.63","11.12","4.20M","3.77%"
"Mar 18, 2016","11.13","11.13","11.24","11.11","1.25M","0.45%"
"Mar 17, 2016","11.08","11.07","11.19","11.00","2.38M","1.28%"
"Mar 16, 2016","10.94","10.99","11.06","10.90","708.52K","-0.09%"
"Mar 15, 2016","10.95","11.03","11.16","10.95","1.31M","-0.54%"
"Mar 14, 2016","11.01","10.84","11.06","10.84","913.45K","1.01%"
"Mar 11, 2016","10.90","10.86","11.08","10.81","2.13M","0.83%"
"Mar 10, 2016","10.81","11.02","11.09","10.78","1.73M","-0.73%"
"Mar 09, 2016","10.89","11.09","11.13","10.83","1.41M","-1.89%"
"Mar 08, 2016","11.10","11.45","11.50","11.08","1.81M","-3.06%"
"Mar 07, 2016","11.45","11.36","11.68","11.35","2.02M","0.97%"
"Mar 04, 2016","11.34","11.30","11.44","11.17","1.47M","0.18%"
"Mar 03, 2016","11.32","11.62","11.71","11.23","1.47M","-2.25%"
"Mar 02, 2016","11.58","11.68","11.76","11.57","1.41M","0.09%"
"Mar 01, 2016","11.57","11.57","11.79","11.53","1.93M","0.26%"
"Feb 29, 2016","11.54","11.26","11.71","11.26","4.76M","2.49%"
"Feb 26, 2016","11.26","11.19","11.38","11.10","3.14M","1.17%"
"Feb 25, 2016","11.13","11.05","11.24","11.05","1.60M","1.18%"
"Feb 24, 2016","11.00","11.06","11.26","10.94","3.01M","-0.45%"
"Feb 23, 2016","11.05","11.18","11.27","11.03","2.29M","-0.90%"
"Feb 22, 2016","11.15","11.00","11.23","10.95","2.14M","3.05%"
"Feb 19, 2016","10.82","11.30","11.33","10.82","2.29M","-3.39%"
"Feb 18, 2016","11.20","10.45","11.27","10.29","6.78M","6.67%"
"Feb 17, 2016","10.50","10.18","10.55","10.08","1.78M","3.04%"
"Feb 16, 2016","10.19","10.53","10.60","10.19","973.54K","-0.68%"
"Feb 15, 2016","10.26","10.53","10.55","10.08","928.11K","-2.38%"
"Feb 12, 2016","10.51","10.61","10.69","10.46","624.80K","0.00%"
"Feb 11, 2016","10.51","10.40","10.59","10.28","942.91K","0.19%"
"Feb 10, 2016","10.49","10.48","10.65","10.42","1.19M","0.96%"
"Feb 09, 2016","10.39","10.30","10.55","10.25","939.27K","-0.10%"
"Feb 08, 2016","10.40","10.66","10.83","10.40","1.99M","-2.44%"
"Feb 05, 2016","10.66","10.68","10.90","10.58","1.48M","-0.37%"
"Feb 04, 2016","10.70","10.95","11.08","10.66","975.38K","-0.83%"
"Feb 03, 2016","10.79","10.92","11.42","10.79","3.47M","-1.19%"
"Feb 02, 2016","10.92","10.53","11.12","10.53","4.40M","4.00%"
"Feb 01, 2016","10.50","10.50","10.65","10.44","842.56K","0.29%"
"Jan 29, 2016","10.47","10.54","10.55","10.42","627.87K","0.58%"
"Jan 28, 2016","10.41","10.33","10.66","10.33","1.35M","1.26%"
"Jan 27, 2016","10.28","10.10","10.38","10.08","1.08M","1.68%"
"Jan 26, 2016","10.11","10.04","10.14","9.88","769.68K","0.40%"
"Jan 25, 2016","10.07","10.17","10.25","10.05","531.73K","-0.10%"
"Jan 22, 2016","10.08","10.15","10.20","10.04","522.96K","1.72%"
"Jan 21, 2016","9.91","10.25","10.26","9.80","842.10K","-2.94%"
"Jan 20, 2016","10.21","10.50","10.55","10.21","781.78K","-3.41%"
"Jan 19, 2016","10.57","10.81","10.90","10.57","1.03M","-1.31%"
"Jan 18, 2016","10.71","10.96","11.04","10.70","1.26M","-2.19%"
"Jan 15, 2016","10.95","11.20","11.31","10.95","1.79M","-1.79%"
"Jan 14, 2016","11.15","10.93","11.24","10.87","2.22M","1.73%"
"Jan 13, 2016","10.96","10.80","11.25","10.80","2.04M","1.67%"
"Jan 12, 2016","10.78","10.64","11.00","10.46","1.89M","1.32%"
"Jan 11, 2016","10.64","10.50","10.80","10.44","539.93K","1.04%"
"Jan 08, 2016","10.53","10.84","10.84","10.53","636.91K","-2.05%"
"Jan 07, 2016","10.75","10.70","10.78","10.46","660.70K","-0.09%"
"Jan 06, 2016","10.76","10.68","10.85","10.65","741.27K","-0.83%"
"Jan 05, 2016","10.85","10.98","10.98","10.56","700.83K","0.09%"
"Jan 04, 2016","10.84","11.03","11.05","10.60","346.95K","-2.78%"
"Dec 31, 2015","11.15","11.20","11.22","11.10","294.51K","-0.18%"
"Dec 30, 2015","11.17","11.10","11.33","11.10","639.31K","0.45%"
"Dec 29, 2015","11.12","11.30","11.36","11.12","503.73K","-1.42%"
"Dec 28, 2015","11.28","10.99","11.49","10.93","1.58M","2.73%"
"Dec 25, 2015","10.98","11.05","11.10","10.93","584.10K","-0.63%"
"Dec 24, 2015","11.05","11.25","11.32","11.03","520.25K","-1.52%"
"Dec 23, 2015","11.22","11.28","11.43","11.18","799.42K","0.09%"
"Dec 22, 2015","11.21","11.10","11.36","10.94","1.31M","0.99%"
"Dec 21, 2015","11.10","10.90","11.20","10.89","1.53M","2.40%"
"Dec 18, 2015","10.84","10.87","11.01","10.69","572.32K","0.46%"
"Dec 17, 2015","10.79","10.60","10.94","10.55","894.01K","2.96%"
"Dec 16, 2015","10.48","10.25","10.50","10.15","885.69K","1.75%"
"Dec 15, 2015","10.30","9.95","10.35","9.86","1.16M","4.15%"
"Dec 14, 2015","9.89","10.23","10.32","9.83","638.73K","-2.47%"
"Dec 11, 2015","10.14","10.64","10.64","10.08","833.73K","-3.89%"
"Dec 10, 2015","10.55","10.95","11.10","10.50","843.34K","-4.00%"
"Dec 09, 2015","10.99","10.72","11.03","10.60","848.56K","2.81%"
"Dec 08, 2015","10.69","11.04","11.12","10.65","507.42K","-3.17%"
"Dec 07, 2015","11.04","11.24","11.24","10.92","574.46K","-1.78%"
"Dec 04, 2015","11.24","11.47","11.51","11.04","778.13K","-1.66%"
"Dec 03, 2015","11.43","11.80","11.82","11.43","820.41K","-2.72%"
"Dec 02, 2015","11.75","11.70","11.88","11.57","1.71M","1.47%"
"Dec 01, 2015","11.58","11.31","11.71","11.31","2.34M","2.48%"
"Nov 30, 2015","11.30","11.39","11.44","11.20","669.62K","-0.44%"
"Nov 27, 2015","11.35","11.15","11.55","11.10","2.23M","1.34%"
"Nov 26, 2015","11.20","11.80","12.00","11.20","3.47M","-5.88%"
"Nov 25, 2015","11.90","11.50","11.95","11.25","3.22M","3.93%"
"Nov 24, 2015","11.45","12.05","12.05","11.15","4.85M","-4.58%"
"Nov 23, 2015","12.00","12.30","12.30","11.95","932.99K","-2.04%"
"Nov 20, 2015","12.25","12.25","12.35","12.10","2.38M","0.41%"
"Nov 19, 2015","12.20","12.40","12.50","12.05","2.24M","-0.81%"
"Nov 18, 2015","12.30","12.50","12.75","12.20","2.68M","-1.60%"
"Nov 17, 2015","12.50","12.90","12.95","12.50","3.01M","-2.72%"
"Nov 16, 2015","12.85","12.60","13.00","12.55","5.61M","1.98%"
"Nov 13, 2015","12.60","12.60","12.95","12.50","8.20M","0.40%"
"Nov 12, 2015","12.55","12.25","12.65","12.15","4.77M","2.87%"
"Nov 11, 2015","12.20","12.15","12.25","12.00","1.87M","0.83%"
"Nov 10, 2015","12.10","12.30","12.35","12.05","1.45M","-1.22%"
"Nov 09, 2015","12.25","12.00","12.50","11.75","3.96M","2.51%"
"Nov 06, 2015","11.95","12.25","12.35","11.70","2.81M","-2.45%"
"Nov 05, 2015","12.25","11.80","12.40","11.65","5.48M","3.38%"
"Nov 04, 2015","11.85","11.35","12.00","11.30","7.23M","4.87%"
"Nov 03, 2015","11.30","11.40","11.45","11.25","1.85M","0.00%"
"Nov 02, 2015","11.30","11.05","11.35","10.90","4.55M","8.13%"
"Oct 30, 2015","10.45","10.55","10.60","10.40","1.06M","-1.88%"
"Oct 28, 2015","10.65","11.00","11.05","10.60","1.76M","0.00%"
"Oct 27, 2015","10.65","10.80","10.80","10.40","1.97M","-1.39%"
"Oct 26, 2015","10.80","11.20","11.25","10.75","1.66M","-3.14%"
"Oct 23, 2015","11.15","11.35","11.45","11.15","2.95M","-0.89%"
"Oct 22, 2015","11.25","11.25","11.35","11.15","2.24M","0.45%"
"Oct 21, 2015","11.20","11.20","11.35","11.10","1.86M","0.45%"
"Oct 20, 2015","11.15","11.20","11.30","11.15","1.42M","-0.45%"
"Oct 19, 2015","11.20","11.15","11.30","11.15","1.28M","0.90%"
"Oct 16, 2015","11.10","11.30","11.35","11.10","1.24M","-1.77%"
"Oct 15, 2015","11.30","11.35","11.55","11.25","3.83M","0.44%"
"Oct 14, 2015","11.25","11.30","11.40","11.20","1.97M","0.00%"
"Oct 13, 2015","11.25","11.25","11.40","11.00","5.58M","0.45%"
"Oct 12, 2015","11.20","11.30","11.35","11.10","2.09M","-1.75%"
"Oct 09, 2015","11.40","11.35","11.50","11.30","2.00M","0.88%"
"Oct 08, 2015","11.30","11.40","11.45","11.25","3.24M","-0.88%"
"Oct 07, 2015","11.40","10.95","11.45","10.90","4.99M","5.07%"
"Oct 06, 2015","10.85","10.85","11.00","10.80","2.15M","0.46%"
"Oct 05, 2015","10.80","10.60","10.80","10.55","1.57M","2.86%"
"Oct 02, 2015","10.50","10.65","10.70","10.50","1.04M","-1.41%"
"Oct 01, 2015","10.65","10.85","10.85","10.65","1.30M","-1.39%"
"Sep 30, 2015","10.80","10.65","11.00","10.55","3.39M","2.37%"
"Sep 29, 2015","10.55","10.40","10.70","10.40","1.50M","1.93%"
"Sep 28, 2015","10.35","10.60","10.65","10.35","1.31M","-2.36%"
"Sep 23, 2015","10.60","10.65","10.70","10.60","449.78K","-0.93%"
"Sep 22, 2015","10.70","10.85","10.90","10.70","1.02M","-0.93%"
"Sep 21, 2015","10.80","10.80","10.95","10.75","1.79M","0.00%"
"Sep 18, 2015","10.80","10.55","11.00","10.55","4.99M","2.37%"
"Sep 17, 2015","10.55","10.65","10.70","10.55","1.09M","-0.47%"
"Sep 16, 2015","10.60","10.75","10.75","10.60","1.45M","-0.93%"
"Sep 15, 2015","10.70","10.45","10.80","10.40","1.95M","2.88%"
"Sep 14, 2015","10.40","10.45","10.65","10.35","1.52M","-0.48%"
"Sep 11, 2015","10.45","10.85","10.85","10.45","1.07M","-3.24%"
"Sep 10, 2015","10.80","10.85","11.00","10.65","1.80M","-0.92%"
"Sep 09, 2015","10.90","11.15","11.15","10.90","1.35M","-0.91%"
"Sep 08, 2015","11.00","11.10","11.25","10.90","2.62M","0.00%"
"Sep 07, 2015","11.00","10.90","11.20","10.85","1.81M","-0.45%"
"Sep 04, 2015","11.05","11.00","11.50","10.85","5.52M","0.00%"
"Sep 03, 2015","11.05","11.05","11.15","10.75","2.22M","0.45%"
"Sep 02, 2015","11.00","11.10","11.30","10.90","2.61M","-0.45%"
"Sep 01, 2015","11.05","11.05","11.25","10.90","2.68M","0.45%"
"Aug 31, 2015","11.00","10.95","11.30","10.85","3.19M","0.92%"
"Aug 28, 2015","10.90","11.45","11.50","10.85","3.27M","-3.96%"
"Aug 27, 2015","11.35","11.55","11.80","11.35","5.80M","-0.44%"
"Aug 26, 2015","11.40","12.05","12.15","11.15","13.91M","-4.60%"
"Aug 25, 2015","11.95","11.30","12.10","11.20","12.17M","7.17%"
"Aug 24, 2015","11.15","10.20","11.45","10.15","14.44M","8.78%"
"Aug 21, 2015","10.25","10.45","10.70","10.20","2.80M","-2.38%"
"Aug 20, 2015","10.50","10.50","10.95","10.40","4.64M","-1.41%"
"Aug 19, 2015","10.65","10.40","10.85","10.30","6.38M","3.90%"
"Aug 18, 2015","10.25","10.15","10.60","10.15","4.07M","-0.49%"
"Aug 17, 2015","10.30","10.45","10.45","10.10","3.23M","-1.44%"
"Aug 14, 2015","10.45","10.30","10.85","10.15","4.72M","0.10%"
"Aug 13, 2015","10.44","10.25","10.44","9.75","7.58M","1.85%"
"Aug 12, 2015","10.25","10.85","10.85","10.20","5.00M","-7.24%"
"Aug 11, 2015","11.05","10.30","11.10","10.30","9.27M","10.50%"
"Aug 10, 2015","10.00","11.30","11.40","9.95","7.25M","-11.50%"
"Aug 07, 2015","11.30","11.85","11.85","11.30","2.35M","-4.24%"
"Aug 06, 2015","11.80","11.55","12.10","11.55","6.25M","2.61%"
"Aug 05, 2015","11.50","11.85","12.00","11.50","3.10M","-3.77%"
"Aug 04, 2015","11.95","12.20","12.30","11.85","3.99M","-1.24%"
"Aug 03, 2015","12.10","12.65","12.65","12.05","2.65M","-3.97%"
"Jul 31, 2015","12.60","12.30","12.90","12.00","12.03M","2.86%"
"Jul 30, 2015","12.25","12.25","12.50","12.10","4.42M","0.82%"
"Jul 29, 2015","12.15","12.55","12.65","12.15","3.17M","-2.41%"
"Jul 28, 2015","12.45","12.55","12.90","12.45","4.72M","-0.40%"
"Jul 27, 2015","12.50","12.75","13.35","12.35","10.26M","-1.57%"
"Jul 24, 2015","12.70","11.45","12.80","11.40","14.07M","9.01%"
"Jul 23, 2015","11.65","12.85","13.10","11.65","5.87M","-8.98%"
"Jul 22, 2015","12.80","13.15","13.40","12.75","7.05M","-2.29%"
"Jul 21, 2015","13.10","13.65","13.95","13.00","16.02M","-3.68%"
"Jul 20, 2015","13.60","12.20","13.80","12.10","18.50M","11.48%"
"Jul 16, 2015","12.20","12.70","12.70","11.95","5.20M","-3.56%"
"Jul 15, 2015","12.65","13.25","13.50","12.50","8.24M","-4.17%"
"Jul 14, 2015","13.20","13.90","14.00","12.35","25.44M","-4.00%"
"Jul 13, 2015","13.75","12.85","14.35","12.55","25.75M","7.84%"
"Jul 10, 2015","12.75","11.35","12.85","11.15","17.51M","13.84%"
"Jul 09, 2015","11.20","10.39","11.25","10.20","17.46M","18.52%"
"Jul 08, 2015","9.45","9.36","9.56","9.35","5.05M","0.96%"
"Jul 07, 2015","9.36","8.98","9.45","8.96","9.17M","4.58%"
"Jul 06, 2015","8.95","8.70","9.02","8.70","2.55M","2.29%"
"Jul 03, 2015","8.75","9.01","9.22","8.71","5.38M","-2.45%"
"Jul 02, 2015","8.97","8.55","8.97","8.54","6.72M","4.67%"
"Jul 01, 2015","8.57","8.61","8.72","8.54","1.44M","0.23%"
"Jun 30, 2015","8.55","8.68","8.80","8.54","1.94M","-1.27%"
"Jun 29, 2015","8.66","8.50","8.91","8.45","6.01M","-0.23%"
"Jun 26, 2015","8.68","8.47","8.76","8.41","4.81M","3.21%"
"Jun 25, 2015","8.41","8.52","8.61","8.39","1.55M","-0.94%"
"Jun 24, 2015","8.49","8.44","8.53","8.39","1.70M","0.59%"
"Jun 23, 2015","8.44","8.51","8.63","8.36","2.08M","-0.24%"
"Jun 22, 2015","8.46","8.34","8.55","8.34","1.81M","1.93%"
"Jun 19, 2015","8.30","8.31","8.41","8.28","1.17M","0.12%"
"Jun 18, 2015","8.29","8.28","8.38","8.25","1.73M","1.22%"
"Jun 17, 2015","8.19","8.07","8.44","8.07","4.24M","1.61%"
"Jun 16, 2015","8.06","7.91","8.12","7.91","1.03M","2.03%"
"Jun 15, 2015","7.90","8.12","8.21","7.90","720.42K","-2.59%"
"Jun 12, 2015","8.11","8.22","8.30","8.09","1.10M","-1.34%"
"Jun 11, 2015","8.22","8.21","8.32","8.07","1.75M","0.24%"
"Jun 10, 2015","8.20","7.62","8.24","7.62","2.58M","8.18%"
"Jun 09, 2015","7.58","7.35","7.80","7.29","2.73M","5.28%"
"Jun 08, 2015","7.20","7.75","7.75","7.01","1.24M","-16.47%"
"Jun 05, 2015","8.62","8.65","8.72","8.58","845.47K","-0.81%"
"Jun 04, 2015","8.69","8.76","8.80","8.66","999.84K","-1.47%"
"Jun 03, 2015","8.82","8.70","8.94","8.70","2.37M","1.38%"
"Jun 02, 2015","8.70","8.66","8.82","8.58","1.20M","0.69%"
"Jun 01, 2015","8.64","9.14","9.14","8.60","1.60M","-5.37%"
"May 29, 2015","9.13","9.12","9.60","9.11","8.24M","0.11%"
"May 28, 2015","9.12","8.77","9.28","8.74","6.58M","4.35%"
"May 27, 2015","8.74","8.74","8.86","8.62","951.60K","0.46%"
"May 26, 2015","8.70","8.73","8.87","8.68","1.05M","0.12%"
"May 25, 2015","8.69","9.01","9.08","8.68","1.16M","-3.44%"
"May 22, 2015","9.00","9.24","9.25","8.96","1.79M","-2.17%"
"May 21, 2015","9.20","9.35","9.52","9.18","4.22M","-1.18%"
"May 20, 2015","9.31","9.35","9.48","9.28","2.37M","0.22%"
"May 18, 2015","9.29","9.28","9.41","9.28","1.45M","0.32%"
"May 15, 2015","9.26","9.72","9.79","9.26","6.78M","-4.34%"
"May 14, 2015","9.68","9.58","9.87","9.50","5.18M","2.00%"
"May 13, 2015","9.49","9.40","9.54","9.40","1.98M","1.28%"
"May 12, 2015","9.37","9.38","9.59","9.27","5.77M","0.11%"
"May 11, 2015","9.36","9.28","9.46","9.19","5.79M","1.08%"
"May 08, 2015","9.26","9.20","9.32","9.15","2.19M","0.87%"
"May 07, 2015","9.18","9.26","9.31","9.14","2.20M","-0.65%"
"May 06, 2015","9.24","9.49","9.58","9.20","1.61M","-1.81%"
"May 05, 2015","9.41","9.60","9.72","9.40","2.59M","-1.36%"
"May 04, 2015","9.54","9.05","9.70","9.05","12.40M","6.95%"
"Apr 30, 2015","8.92","9.25","9.28","8.90","1.62M","-3.25%"
"Apr 29, 2015","9.22","9.38","9.42","9.22","1.09M","-1.18%"
"Apr 28, 2015","9.33","9.40","9.50","9.33","1.88M","-0.96%"
"Apr 27, 2015","9.42","9.39","9.57","9.35","4.64M","0.64%"
"Apr 24, 2015","9.36","9.36","9.50","9.23","5.22M","1.08%"
"Apr 22, 2015","9.26","9.50","9.59","9.26","3.46M","-4.73%"
"Apr 21, 2015","9.72","9.63","9.79","9.56","1.95M","1.14%"
"Apr 20, 2015","9.61","9.58","9.90","9.55","2.82M","1.16%"
"Apr 17, 2015","9.50","9.85","9.89","9.50","2.48M","-2.96%"
"Apr 16, 2015","9.79","9.86","10.17","9.75","8.87M","-0.10%"
"Apr 15, 2015","9.80","9.45","9.96","9.40","6.71M","3.70%"
"Apr 14, 2015","9.45","9.63","9.66","9.31","3.18M","-1.87%"
"Apr 13, 2015","9.63","9.49","9.91","9.49","5.40M","1.58%"
"Apr 10, 2015","9.48","9.30","9.67","9.30","4.29M","2.38%"
"Apr 09, 2015","9.26","9.08","9.37","9.08","2.42M","1.98%"
"Apr 08, 2015","9.08","9.12","9.29","9.03","2.16M","-0.33%"
"Apr 07, 2015","9.11","8.77","9.44","8.75","9.14M","4.23%"
"Apr 06, 2015","8.74","8.65","8.77","8.60","1.63M","1.27%"
"Apr 03, 2015","8.63","8.37","8.83","8.36","4.35M","3.35%"
"Apr 02, 2015","8.35","8.34","8.45","8.32","1.45M","0.36%"
"Apr 01, 2015","8.32","8.37","8.43","8.29","1.02M","-0.12%"
"Mar 31, 2015","8.33","8.54","8.60","8.30","1.34M","-2.34%"
"Mar 30, 2015","8.53","8.36","8.64","8.35","2.02M","2.03%"
"Mar 27, 2015","8.36","8.35","8.48","8.27","2.31M","-0.59%"
"Mar 26, 2015","8.41","8.59","8.60","8.36","1.96M","-4.21%"
"Mar 25, 2015","8.78","8.90","9.01","8.77","1.89M","-0.79%"
"Mar 24, 2015","8.85","9.25","9.28","8.85","3.02M","-4.53%"
"Mar 23, 2015","9.27","9.26","9.45","9.21","3.71M","0.76%"
"Mar 20, 2015","9.20","9.35","9.37","9.19","1.61M","-1.39%"
"Mar 19, 2015","9.33","9.27","9.43","9.18","4.21M","2.53%"
"Mar 18, 2015","9.10","8.91","9.35","8.86","8.43M","2.71%"
"Mar 17, 2015","8.86","8.79","9.03","8.79","4.55M","1.26%"
"Mar 16, 2015","8.75","8.60","8.93","8.38","4.36M","3.80%"
"Mar 13, 2015","8.43","8.99","9.03","8.41","2.19M","-5.81%"
"Mar 12, 2015","8.95","9.20","9.32","8.91","2.50M","-1.43%"
"Mar 11, 2015","9.08","8.82","9.21","8.77","4.82M","3.18%"
"Mar 10, 2015","8.80","9.39","9.43","8.78","2.33M","-5.98%"
"Mar 09, 2015","9.36","9.50","9.63","9.36","2.16M","0.32%"
"Mar 06, 2015","9.33","9.53","9.77","9.29","5.02M","-2.81%"
"Mar 05, 2015","9.60","9.79","9.85","9.33","6.52M","-3.03%"
"Mar 04, 2015","9.90","10.35","10.35","9.85","2.99M","-3.88%"
"Mar 03, 2015","10.30","10.07","10.65","9.90","9.37M","3.00%"
"Mar 02, 2015","10.00","9.90","10.20","9.90","2.80M","2.04%"
"Feb 27, 2015","9.80","10.05","10.15","9.50","2.81M","-2.49%"
"Feb 26, 2015","10.05","10.15","10.40","10.00","4.04M","-0.99%"
"Feb 25, 2015","10.15","10.80","10.85","10.15","3.66M","-4.69%"
"Feb 24, 2015","10.65","10.20","10.70","10.05","4.81M","4.93%"
"Feb 23, 2015","10.15","10.25","10.30","10.10","1.26M","-0.98%"
"Feb 20, 2015","10.25","10.40","10.45","10.15","1.33M","-0.97%"
"Feb 19, 2015","10.35","10.45","10.55","10.30","2.51M","0.00%"
"Feb 18, 2015","10.35","10.45","10.55","10.35","2.22M","-0.48%"
"Feb 17, 2015","10.40","10.70","10.90","10.35","3.70M","-2.80%"
"Feb 16, 2015","10.70","10.50","10.95","10.45","6.44M","2.39%"
"Feb 13, 2015","10.45","10.30","10.60","10.30","4.91M","1.95%"
"Feb 12, 2015","10.25","10.20","10.35","10.15","1.81M","1.49%"
"Feb 11, 2015","10.10","10.30","10.45","10.10","2.82M","-0.98%"
"Feb 10, 2015","10.20","10.45","10.65","10.05","3.55M","-1.45%"
"Feb 09, 2015","10.35","10.15","10.73","9.85","8.99M","1.97%"
"Feb 06, 2015","10.15","10.45","10.50","10.10","2.71M","-1.93%"
"Feb 05, 2015","10.35","10.45","10.80","10.25","4.83M","-0.48%"
"Feb 04, 2015","10.40","9.85","10.94","9.85","17.45M","6.12%"
"Feb 03, 2015","9.80","10.40","10.50","9.70","4.84M","-4.85%"
"Feb 02, 2015","10.30","10.20","10.60","10.20","2.81M","1.48%"
"Jan 30, 2015","10.15","10.55","10.70","10.05","3.34M","-2.40%"
"Jan 29, 2015","10.40","10.25","10.80","10.15","5.52M","1.46%"
"Jan 28, 2015","10.25","10.95","11.10","10.25","5.93M","-5.96%"
"Jan 27, 2015","10.90","10.60","11.15","10.40","13.51M","3.42%"
"Jan 26, 2015","10.54","9.00","10.68","8.91","32.12M","16.59%"
"Jan 23, 2015","9.04","9.42","9.73","8.98","15.57M","-4.03%"
"Jan 22, 2015","9.42","9.55","9.89","9.37","16.01M","0.53%"
"Jan 21, 2015","9.37","8.70","9.37","8.29","21.46M","9.72%"
"Jan 20, 2015","8.54","8.70","8.88","8.29","24.14M","4.15%"
"Jan 19, 2015","8.20","6.97","8.20","6.97","12.74M","19.71%"
"Jan 16, 2015","6.85","6.87","6.97","6.78","1.00M","-0.44%"
"Jan 15, 2015","6.88","7.08","7.13","6.86","1.20M","-2.27%"
"Jan 14, 2015","7.04","7.24","7.25","6.94","2.40M","-3.16%"
"Jan 13, 2015","7.27","6.95","7.42","6.95","6.80M","5.21%"
"Jan 12, 2015","6.91","6.87","6.97","6.86","1.35M","1.02%"
"Jan 09, 2015","6.84","6.93","6.99","6.84","1.71M","-0.87%"
"Jan 08, 2015","6.90","6.85","6.96","6.83","1.53M","1.62%"
"Jan 07, 2015","6.79","6.79","6.90","6.75","1.31M","0.30%"
"Jan 06, 2015","6.77","6.75","6.81","6.70","1.04M","0.74%"
"Jan 05, 2015","6.72","6.66","6.77","6.62","728.60K","1.05%"
"Jan 02, 2015","6.65","6.70","6.70","6.62","274.23K","-0.30%"